USE krautundrueben;

-- TODO: Lieferant telefon und email?

INSERT INTO ADRESSE (ADRESSENR, STRASSE, HAURSNR, POSTLEITZAHL, ORT, STADT, LAND) VALUES (3001, 'Eppendorfer Landstrasse', '104', '20249', 'Hamburg', 'Hamburg', 'DEUTSCHLAND');
INSERT INTO ADRESSE (ADRESSENR, STRASSE, HAURSNR, POSTLEITZAHL, ORT, STADT, LAND) VALUES (3002, 'Bananen Landstrasse', '15', '20249', 'Hamburg', 'Hamburg', 'DEUTSCHLAND');
INSERT INTO ADRESSE (ADRESSENR, STRASSE, HAURSNR, POSTLEITZAHL, ORT, STADT, LAND) VALUES (3003, 'Ohmstraße', '23', '22765', 'Hamburg', 'Hamburg', 'DEUTSCHLAND');
INSERT INTO ADRESSE (ADRESSENR, STRASSE, HAURSNR, POSTLEITZAHL, ORT, STADT, LAND) VALUES (3004, 'Bilser Berg', '6', '20459', 'Hamburg', 'Hamburg', 'DEUTSCHLAND');
INSERT INTO ADRESSE (ADRESSENR, STRASSE, HAURSNR, POSTLEITZAHL, ORT, STADT, LAND) VALUES (3005, 'Alter Teichweg', '95', '22049', 'Hamburg', 'Hamburg', 'DEUTSCHLAND');
INSERT INTO ADRESSE (ADRESSENR, STRASSE, HAURSNR, POSTLEITZAHL, ORT, STADT, LAND) VALUES (3006, 'Stübels', '10', '22835', 'Barsbüttel', 'Hamburg', 'DEUTSCHLAND'); -- TODO Stadt
INSERT INTO ADRESSE (ADRESSENR, STRASSE, HAURSNR, POSTLEITZAHL, ORT, STADT, LAND) VALUES (3007, 'Grotelertwiete', '4a', '21075', 'Hamburg', 'Hamburg', 'DEUTSCHLAND');
INSERT INTO ADRESSE (ADRESSENR, STRASSE, HAURSNR, POSTLEITZAHL, ORT, STADT, LAND) VALUES (3008, 'Küstersweg', '3', '21079', 'Hamburg', 'Hamburg', 'DEUTSCHLAND');
INSERT INTO ADRESSE (ADRESSENR, STRASSE, HAURSNR, POSTLEITZAHL, ORT, STADT, LAND) VALUES (3009, 'Neugrabener Bahnhofstraße', '30', '21149', 'Hamburg', 'Hamburg', 'DEUTSCHLAND');
INSERT INTO ADRESSE (ADRESSENR, STRASSE, HAURSNR, POSTLEITZAHL, ORT, STADT, LAND) VALUES (3010, 'Elbchaussee', '228', '22605', 'Hamburg', 'Hamburg', 'DEUTSCHLAND');
INSERT INTO ADRESSE (ADRESSENR, STRASSE, HAURSNR, POSTLEITZAHL, ORT, STADT, LAND) VALUES (3011, 'Dorfstraße', '74', '24354', 'Weseby', 'Hamburg', 'DEUTSCHLAND'); -- TODO stadt
INSERT INTO ADRESSE (ADRESSENR, STRASSE, HAURSNR, POSTLEITZAHL, ORT, STADT, LAND) VALUES (3012, 'Westerjork 74', '76', '21635', 'Jork', 'Hamburg', 'DEUTSCHLAND'); -- TODO stadt
INSERT INTO ADRESSE (ADRESSENR, STRASSE, HAURSNR, POSTLEITZAHL, ORT, STADT, LAND) VALUES (3013, 'Molkereiwegkundekunde', '13', '19217', 'Dechow', 'Hamburg', 'DEUTSCHLAND'); -- TODO stadt

INSERT INTO LOGIN (USERNAME, PASSHASH, SECURITYANSWER) VALUES ('wellensteyn', 'ASJKDASKJD921717AJSKD', 'MOMMY');
INSERT INTO LOGIN (USERNAME, PASSHASH, SECURITYANSWER) VALUES ('foede', 'ASJKDASKJD921717AJSKD', 'MOMMY');
INSERT INTO LOGIN (USERNAME, PASSHASH, SECURITYANSWER) VALUES ('leberer', 'ASJKDASKJD921717AJSKD', 'MOMMY');
INSERT INTO LOGIN (USERNAME, PASSHASH, SECURITYANSWER) VALUES ('soerensen', 'ASJKDASKJD921717AJSKD', 'MOMMY');
INSERT INTO LOGIN (USERNAME, PASSHASH, SECURITYANSWER) VALUES ('schnitter', 'ASJKDASKJD921717AJSKD', 'MOMMY');
INSERT INTO LOGIN (USERNAME, PASSHASH, SECURITYANSWER) VALUES ('maurer', 'ASJKDASKJD921717AJSKD', 'MOMMY');
INSERT INTO LOGIN (USERNAME, PASSHASH, SECURITYANSWER) VALUES ('gessert', 'ASJKDASKJD921717AJSKD', 'MOMMY');
INSERT INTO LOGIN (USERNAME, PASSHASH, SECURITYANSWER) VALUES ('haessig', 'ASJKDASKJD921717AJSKD', 'MOMMY');
INSERT INTO LOGIN (USERNAME, PASSHASH, SECURITYANSWER) VALUES ('urocki', 'ASJKDASKJD921717AJSKD', 'MOMMY');

INSERT INTO KUNDE (KUNDENNR, ADRESSNR, NACHNAME, VORNAME, GEBURTSDATUM, TELEFON, EMAIL, ABO, USERNAME) VALUES (2001, 3001,'Wellensteyn','Kira','1990-05-05','040/443322','k.wellensteyn@yahoo.de', true, 'wellensteyn');
INSERT INTO KUNDE (KUNDENNR, ADRESSNR, NACHNAME, VORNAME, GEBURTSDATUM, TELEFON, EMAIL, ABO, USERNAME) VALUES (2002,3003, 'Foede','Dorothea','2000-03-24','040/543822','d.foede@web.de', true, 'foede');
INSERT INTO KUNDE (KUNDENNR, ADRESSNR, NACHNAME, VORNAME, GEBURTSDATUM, TELEFON, EMAIL, ABO, USERNAME) VALUES (2003, 3004, 'Leberer','Sigrid','1989-09-21','0175/1234588','sigrid@leberer.de', false , 'leberer');
INSERT INTO KUNDE (KUNDENNR, ADRESSNR, NACHNAME, VORNAME, GEBURTSDATUM, TELEFON, EMAIL, ABO, USERNAME) VALUES (2004, 3005, 'Soerensen','Hanna','1974-04-03','040/634578','h.soerensen@yahoo.de', false, 'soerensen');
INSERT INTO KUNDE (KUNDENNR, ADRESSNR, NACHNAME, VORNAME, GEBURTSDATUM, TELEFON, EMAIL, ABO, USERNAME) VALUES (2005, 3006, 'Schnitter','Marten','1964-04-17','0176/447587','schni_mart@gmail.com', true, 'schnitter');
INSERT INTO KUNDE (KUNDENNR, ADRESSNR, NACHNAME, VORNAME, GEBURTSDATUM, TELEFON, EMAIL, ABO, USERNAME) VALUES (2006, 3007, 'Maurer','Belinda','1978-09-09','040/332189','belinda1978@yahoo.de', false, 'maurer');
INSERT INTO KUNDE (KUNDENNR, ADRESSNR, NACHNAME, VORNAME, GEBURTSDATUM, TELEFON, EMAIL, ABO, USERNAME) VALUES (2007, 3008, 'Gessert','Armin','1978-01-29','040/67890','armin@gessert.de', true, 'gessert');
INSERT INTO KUNDE (KUNDENNR, ADRESSNR, NACHNAME, VORNAME, GEBURTSDATUM, TELEFON, EMAIL, ABO, USERNAME) VALUES (2008, 3009,'Haessig','Jean-Marc','1982-08-30','0178-67013390','jm@haessig.de', true, 'haessig');
INSERT INTO KUNDE (KUNDENNR, ADRESSNR, NACHNAME, VORNAME, GEBURTSDATUM, TELEFON, EMAIL, ABO, USERNAME) VALUES (2009, 3010,'Urocki','Eric','1999-12-04','0152-96701390','urocki@outlook.de', false, 'urocki');


INSERT INTO BESTELLUNG (BESTELLNR, KUNDENNR, BESTELLDATUM) VALUES (1001, 2001, '2025-04-24');

INSERT INTO NAHRUNGSBOX (BOXNR, BEZEICHNUNG, BESCHREIBUNG) VALUES (1, 'vegan', 'Eine Vegane Box mit Veganen sachen!');

INSERT INTO BESTELLUNG_BOX (BESTELLNR, BOXNR, MENGE) VALUES (1001, 1, 1);

INSERT INTO REZEPT (REZEPTNR, NAME, BESCHREIBUNG, VORGEHEN) VALUES (1, 'Lasagne', 'Eine Lasagne', 'mach Lasagne!');

INSERT INTO NAHRUNGSBOX_REZEPT (BOXNR, REZEPTNR, MENGE_REZEPTE) VALUES (1, 1, 1);

INSERT INTO LIEFERANT (LIEFNR, ADRESSNR, NAME) VALUES (101, 3002, 'bananen hof');
INSERT INTO LIEFERANT (LIEFNR, ADRESSNR, NAME) VALUES (102, 3011, 'Bio-Hof Müller'); -- '04354-9080', 'mueller@biohof.de'
INSERT INTO LIEFERANT (LIEFNR, ADRESSNR, NAME) VALUES (103, 3012, 'Obst-Hof Altes Land'); -- '04162-4523', 'info@biohof-altesland.de'
INSERT INTO LIEFERANT (LIEFNR, ADRESSNR, NAME) VALUES (104, 3013, 'Molkerei Henning'); -- '038873-8976', 'info@molkerei-henning.de'

INSERT INTO ZUTAT (ZUTATNR, LIEFNR, BEZEICHNUNG, BESCHREIBUNG, EINHEIT, BESTAND, NETTOPREIS, CO2, KOHLENHYDRATE, PROTEIN, FETT, KALORIEN) VALUES (1000, 101, 'Banane', 'Eine gelbe banane', 'einzelne bananae', 5, 1.20, 0.1, 5.8, 2.7, 1.7, 7);

INSERT INTO ZUTAT (ZUTATNR, LIEFNR, BEZEICHNUNG, BESCHREIBUNG, EINHEIT, BESTAND, NETTOPREIS, CO2, KOHLENHYDRATE, PROTEIN, FETT, KALORIEN) VALUES (1001, 101, 'Zucchini',          '', 'Stück',    100, 0.89,     0.2,2,      1.6,   0.3,      19    );
INSERT INTO ZUTAT (ZUTATNR, LIEFNR, BEZEICHNUNG, BESCHREIBUNG, EINHEIT, BESTAND, NETTOPREIS, CO2, KOHLENHYDRATE, PROTEIN, FETT, KALORIEN) VALUES (1002, 101, 'Zwiebel',           '', 'Stück',    50,  0.15,     0.2,4.9,    1.20,  0.1,      28    );
INSERT INTO ZUTAT (ZUTATNR, LIEFNR, BEZEICHNUNG, BESCHREIBUNG, EINHEIT, BESTAND, NETTOPREIS, CO2, KOHLENHYDRATE, PROTEIN, FETT, KALORIEN) VALUES (1003, 101, 'Tomate',            '', 'Stück',    50,  0.45,     0.8,2.6,    1,     0.2,      18    );
INSERT INTO ZUTAT (ZUTATNR, LIEFNR, BEZEICHNUNG, BESCHREIBUNG, EINHEIT, BESTAND, NETTOPREIS, CO2, KOHLENHYDRATE, PROTEIN, FETT, KALORIEN) VALUES (1004, 101, 'Schalotte',         '', 'Stück',    500, 0.20,     0.2,3.3,    1.5,   0.1,      25    );
INSERT INTO ZUTAT (ZUTATNR, LIEFNR, BEZEICHNUNG, BESCHREIBUNG, EINHEIT, BESTAND, NETTOPREIS, CO2, KOHLENHYDRATE, PROTEIN, FETT, KALORIEN) VALUES (1005, 101, 'Karotte',           '', 'Stück',    500, 0.30,     0.1,10,     0.9,   0.2,      41    );
INSERT INTO ZUTAT (ZUTATNR, LIEFNR, BEZEICHNUNG, BESCHREIBUNG, EINHEIT, BESTAND, NETTOPREIS, CO2, KOHLENHYDRATE, PROTEIN, FETT, KALORIEN) VALUES (1006, 101, 'Kartoffel',         '', 'Stück',    1500,0.15,     0.2,14.6,   2,     0.1,      71    );
INSERT INTO ZUTAT (ZUTATNR, LIEFNR, BEZEICHNUNG, BESCHREIBUNG, EINHEIT, BESTAND, NETTOPREIS, CO2, KOHLENHYDRATE, PROTEIN, FETT, KALORIEN) VALUES (1007, 101, 'Rucola',            '', 'Bund',     10,  0.90,     0.3,2.1,    2.6,   0.7,      27    );
INSERT INTO ZUTAT (ZUTATNR, LIEFNR, BEZEICHNUNG, BESCHREIBUNG, EINHEIT, BESTAND, NETTOPREIS, CO2, KOHLENHYDRATE, PROTEIN, FETT, KALORIEN) VALUES (1008, 101, 'Lauch',             '', 'Stück',    35,  1.2,      0.2,3.3,    2.1,   0.3,      29    );
INSERT INTO ZUTAT (ZUTATNR, LIEFNR, BEZEICHNUNG, BESCHREIBUNG, EINHEIT, BESTAND, NETTOPREIS, CO2, KOHLENHYDRATE, PROTEIN, FETT, KALORIEN) VALUES (1009, 101, 'Knoblauch',         '', 'Stück',    250, 0.25,     0.2,28.4,   6.1,   0.1,      141   );
INSERT INTO ZUTAT (ZUTATNR, LIEFNR, BEZEICHNUNG, BESCHREIBUNG, EINHEIT, BESTAND, NETTOPREIS, CO2, KOHLENHYDRATE, PROTEIN, FETT, KALORIEN) VALUES (1010, 101, 'Basilikum',         '', 'Bund',     10,  1.3,      0.3,5.1,    3.1,   0.6,      41    );
INSERT INTO ZUTAT (ZUTATNR, LIEFNR, BEZEICHNUNG, BESCHREIBUNG, EINHEIT, BESTAND, NETTOPREIS, CO2, KOHLENHYDRATE, PROTEIN, FETT, KALORIEN) VALUES (1011, 101, 'Süßkartoffel',      '', 'Stück',    200, 2.0,      0.2,20,     1.6,   0.1,      86    );
INSERT INTO ZUTAT (ZUTATNR, LIEFNR, BEZEICHNUNG, BESCHREIBUNG, EINHEIT, BESTAND, NETTOPREIS, CO2, KOHLENHYDRATE, PROTEIN, FETT, KALORIEN) VALUES (1012, 101, 'Schnittlauch',      '', 'Bund',     10,  0.9,      0.3,1,      3,     0.7,      28    );
INSERT INTO ZUTAT (ZUTATNR, LIEFNR, BEZEICHNUNG, BESCHREIBUNG, EINHEIT, BESTAND, NETTOPREIS, CO2, KOHLENHYDRATE, PROTEIN, FETT, KALORIEN) VALUES (2001, 102, 'Apfel',             '', 'Stück',    750, 1.2,      0.3,14.4,   0.3,   0.2,      54    );
INSERT INTO ZUTAT (ZUTATNR, LIEFNR, BEZEICHNUNG, BESCHREIBUNG, EINHEIT, BESTAND, NETTOPREIS, CO2, KOHLENHYDRATE, PROTEIN, FETT, KALORIEN) VALUES (3001, 103, 'Vollmilch. 3.5%',   '', 'Liter',    50,  1.5,      1.4,4.7,    3.4,   3.5,      65    );
INSERT INTO ZUTAT (ZUTATNR, LIEFNR, BEZEICHNUNG, BESCHREIBUNG, EINHEIT, BESTAND, NETTOPREIS, CO2, KOHLENHYDRATE, PROTEIN, FETT, KALORIEN) VALUES (3002, 103, 'Mozzarella',        '', 'Packung',  20,  3.5,      7.0,1,      18.1,  17,       241   );
INSERT INTO ZUTAT (ZUTATNR, LIEFNR, BEZEICHNUNG, BESCHREIBUNG, EINHEIT, BESTAND, NETTOPREIS, CO2, KOHLENHYDRATE, PROTEIN, FETT, KALORIEN) VALUES (3003, 103, 'Butter',            '', 'Stück',    50,  3.0,      9.0,0.6,    0.7,   81,       741   );
INSERT INTO ZUTAT (ZUTATNR, LIEFNR, BEZEICHNUNG, BESCHREIBUNG, EINHEIT, BESTAND, NETTOPREIS, CO2, KOHLENHYDRATE, PROTEIN, FETT, KALORIEN) VALUES (4001, 102, 'Ei',                '', 'Stück',    300, 0.4,      3.0,1.5,    11.9,  11,       137   );
INSERT INTO ZUTAT (ZUTATNR, LIEFNR, BEZEICHNUNG, BESCHREIBUNG, EINHEIT, BESTAND, NETTOPREIS, CO2, KOHLENHYDRATE, PROTEIN, FETT, KALORIEN) VALUES (5001, 101, 'Wiener Würstchen',  '', 'Paar',     40,  1.8,      2.9,1.2,    9.9,   19,       331   );
INSERT INTO ZUTAT (ZUTATNR, LIEFNR, BEZEICHNUNG, BESCHREIBUNG, EINHEIT, BESTAND, NETTOPREIS, CO2, KOHLENHYDRATE, PROTEIN, FETT, KALORIEN) VALUES (9001, 103, 'Tofu-Würstchen',    '', 'Stück',    20,  1.8,      1.0,7,      17,    17,       252   );
INSERT INTO ZUTAT (ZUTATNR, LIEFNR, BEZEICHNUNG, BESCHREIBUNG, EINHEIT, BESTAND, NETTOPREIS, CO2, KOHLENHYDRATE, PROTEIN, FETT, KALORIEN) VALUES (6408, 102, 'Couscous',          '', 'Packung',  15,  1.9,      0.6,67,     12,    0.2,      351   );
INSERT INTO ZUTAT (ZUTATNR, LIEFNR, BEZEICHNUNG, BESCHREIBUNG, EINHEIT, BESTAND, NETTOPREIS, CO2, KOHLENHYDRATE, PROTEIN, FETT, KALORIEN) VALUES (7043, 101, 'Gemüsebrühe',       '', 'Würfel',   4000,0.2,      0.5,0.5,    0.5,   0.1,      1     );
INSERT INTO ZUTAT (ZUTATNR, LIEFNR, BEZEICHNUNG, BESCHREIBUNG, EINHEIT, BESTAND, NETTOPREIS, CO2, KOHLENHYDRATE, PROTEIN, FETT, KALORIEN) VALUES (6300, 103, 'Kichererbsen',      '', 'Dose',     400, 1.0,      1.3,21.2,   9,     6,        150   );

INSERT INTO REZEPT_ZUTAT (REZEPTNR, ZUTATNR, MENGE) VALUES (1, 1000, 1);

INSERT INTO ALERGEN (ALERGENNR, BEZEICHNUNG, BESCHREIBUNG) VALUES (1,  'Laktose', 'Keine Milch ertragen');
INSERT INTO ALERGEN (ALERGENNR, BEZEICHNUNG, BESCHREIBUNG) VALUES (2,  'Gluten', 'Ein Protein in Weizen, Gerste, Roggen etc.');
INSERT INTO ALERGEN (ALERGENNR, BEZEICHNUNG, BESCHREIBUNG) VALUES (3,  'Krebstiere', 'Garnelen, Krabben, Hummer etc.');
INSERT INTO ALERGEN (ALERGENNR, BEZEICHNUNG, BESCHREIBUNG) VALUES (4,  'Fisch', 'Alle Arten von Speisefisch');
INSERT INTO ALERGEN (ALERGENNR, BEZEICHNUNG, BESCHREIBUNG) VALUES (5,  'Erdnüsse', 'Eine häufige und oft schwere Allergie');
INSERT INTO ALERGEN (ALERGENNR, BEZEICHNUNG, BESCHREIBUNG) VALUES (6,  'Soja', 'Kann in vielen verarbeiteten Lebensmitteln vorkommen');
INSERT INTO ALERGEN (ALERGENNR, BEZEICHNUNG, BESCHREIBUNG) VALUES (7,  'Schalenfrüchte', 'Mandeln, Haselnüsse, Walnüsse etc.');
INSERT INTO ALERGEN (ALERGENNR, BEZEICHNUNG, BESCHREIBUNG) VALUES (8,  'Sellerie', 'Kann als Gemüse oder Gewürz enthalten sein');
INSERT INTO ALERGEN (ALERGENNR, BEZEICHNUNG, BESCHREIBUNG) VALUES (9,  'Senf', 'Kommt in Saucen, Dressings etc. vor');
INSERT INTO ALERGEN (ALERGENNR, BEZEICHNUNG, BESCHREIBUNG) VALUES (10, 'Sesamsamen', 'Wird in Backwaren, Ölen etc. verwendet');
INSERT INTO ALERGEN (ALERGENNR, BEZEICHNUNG, BESCHREIBUNG) VALUES (11, 'Schwefeldioxid und Sulphite', 'Oft als Konservierungsmittel eingesetzt');
INSERT INTO ALERGEN (ALERGENNR, BEZEICHNUNG, BESCHREIBUNG) VALUES (12, 'Lupinen', 'Eine Hülsenfrucht, die in einigen Mehlen verwendet wird');
INSERT INTO ALERGEN (ALERGENNR, BEZEICHNUNG, BESCHREIBUNG) VALUES (13, 'Weichtiere', 'Muscheln, Schnecken, Tintenfische etc.');
INSERT INTO ALERGEN (ALERGENNR, BEZEICHNUNG, BESCHREIBUNG) VALUES (14, 'Ei', 'Allergie gegen Ei.');
INSERT INTO ALERGEN (ALERGENNR, BEZEICHNUNG, BESCHREIBUNG) VALUES (15, 'Tomate', 'Allergie gegen Tomate.');
INSERT INTO ALERGEN (ALERGENNR, BEZEICHNUNG, BESCHREIBUNG) VALUES (16, 'Milcheiweiß', 'Allergie gegen Milcheiweiß.');
INSERT INTO ALERGEN (ALERGENNR, BEZEICHNUNG, BESCHREIBUNG) VALUES (17, 'Fleisch', 'Allergie gegen Fleisch.');


-- Laktose
INSERT INTO ZUTAT_ALERGEN (ZUTATNR, ALERGENNR) VALUES (3001, 1); -- Vollmilch
INSERT INTO ZUTAT_ALERGEN (ZUTATNR, ALERGENNR) VALUES (3002, 1); -- Mozzarella
INSERT INTO ZUTAT_ALERGEN (ZUTATNR, ALERGENNR) VALUES (3003, 1); -- Butter

-- Gluten
INSERT INTO ZUTAT_ALERGEN (ZUTATNR, ALERGENNR) VALUES (6408, 2); -- Couscous

-- Soja
INSERT INTO ZUTAT_ALERGEN (ZUTATNR, ALERGENNR) VALUES (9001, 6); -- Tofu-Würstchen

-- Sellerie
INSERT INTO ZUTAT_ALERGEN (ZUTATNR, ALERGENNR) VALUES (7043, 8); -- Gemüsebrühe (mit Vorbehalt prüfen!)

-- Ei
INSERT INTO ZUTAT_ALERGEN (ZUTATNR, ALERGENNR) VALUES (4001, 14); -- Ei

-- Tomate
INSERT INTO ZUTAT_ALERGEN (ZUTATNR, ALERGENNR) VALUES (1003, 15); -- Tomate

-- Milcheiweiß
INSERT INTO ZUTAT_ALERGEN (ZUTATNR, ALERGENNR) VALUES (3001, 16); -- Vollmilch
INSERT INTO ZUTAT_ALERGEN (ZUTATNR, ALERGENNR) VALUES (3002, 16); -- Mozzarella
INSERT INTO ZUTAT_ALERGEN (ZUTATNR, ALERGENNR) VALUES (3003, 16); -- Butter

-- Fleisch
INSERT INTO ZUTAT_ALERGEN (ZUTATNR, ALERGENNR) VALUES (5001, 17); -- Wiener Würstchen



INSERT INTO ERNAEHRUNGSKATEGORIE (ERNAEHRUNGSKATNR, BEZEICHNUNG, BESCHREIBUNG, TYP, PRIORITAET) VALUES (1, 'vegan', 'Ohne Tierische Produkte', 'ernährungsart', 4);
INSERT INTO ERNAEHRUNGSKATEGORIE (ERNAEHRUNGSKATNR, BEZEICHNUNG, BESCHREIBUNG, TYP, PRIORITAET) VALUES (2, 'vegetarisch', 'Ohne Fleisch Produkte', 'ernährungsart', 3);
INSERT INTO ERNAEHRUNGSKATEGORIE (ERNAEHRUNGSKATNR, BEZEICHNUNG, BESCHREIBUNG, TYP, PRIORITAET) VALUES (3, 'fleisch essend', 'Alle produkte', 'ernährungsart', 2);
INSERT INTO ERNAEHRUNGSKATEGORIE (ERNAEHRUNGSKATNR, BEZEICHNUNG, BESCHREIBUNG, TYP, PRIORITAET) VALUES (4, 'frutarisch', 'Essen was geerntet werden kann, ohne die Pflanzen zu beschädigen.', 'ernährungsart', 1);
INSERT INTO ERNAEHRUNGSKATEGORIE (ERNAEHRUNGSKATNR, BEZEICHNUNG, BESCHREIBUNG, TYP, PRIORITAET) VALUES (5, 'high protein', 'Essen mit viel protein.', 'protein', 1);
INSERT INTO ERNAEHRUNGSKATEGORIE (ERNAEHRUNGSKATNR, BEZEICHNUNG, BESCHREIBUNG, TYP, PRIORITAET) VALUES (6, 'low protein', 'Essen mit wenig protein', 'protein', 2);
INSERT INTO ERNAEHRUNGSKATEGORIE (ERNAEHRUNGSKATNR, BEZEICHNUNG, BESCHREIBUNG, TYP, PRIORITAET) VALUES (7, 'low carb', 'Essen mit wenig Kohlenhydraten.', 'kohlenhydrate', 2);
INSERT INTO ERNAEHRUNGSKATEGORIE (ERNAEHRUNGSKATNR, BEZEICHNUNG, BESCHREIBUNG, TYP, PRIORITAET) VALUES (8, 'high carb', 'Essen mit viel Kohlenhydraten.', 'kohlenhydrate', 1);
-- nur fisch und kein fleich

INSERT INTO ZUTAT_ERNAEHRUNGSKATEGORIE (ZUTATNR, ERNAEHRUNGSKATNR) VALUES (1000, 1); -- banane
-- Vegan (ERNAEHRUNGSKATNR = 1)
INSERT INTO ZUTAT_ERNAEHRUNGSKATEGORIE (ZUTATNR, ERNAEHRUNGSKATNR) VALUES (1001, 1); -- Zucchini
INSERT INTO ZUTAT_ERNAEHRUNGSKATEGORIE (ZUTATNR, ERNAEHRUNGSKATNR) VALUES (1002, 1); -- Zwiebel
INSERT INTO ZUTAT_ERNAEHRUNGSKATEGORIE (ZUTATNR, ERNAEHRUNGSKATNR) VALUES (1003, 1); -- Tomate
INSERT INTO ZUTAT_ERNAEHRUNGSKATEGORIE (ZUTATNR, ERNAEHRUNGSKATNR) VALUES (1004, 1); -- Schalotte
INSERT INTO ZUTAT_ERNAEHRUNGSKATEGORIE (ZUTATNR, ERNAEHRUNGSKATNR) VALUES (1005, 1); -- Karotte
INSERT INTO ZUTAT_ERNAEHRUNGSKATEGORIE (ZUTATNR, ERNAEHRUNGSKATNR) VALUES (1006, 1); -- Kartoffel
INSERT INTO ZUTAT_ERNAEHRUNGSKATEGORIE (ZUTATNR, ERNAEHRUNGSKATNR) VALUES (1007, 1); -- Rucola
INSERT INTO ZUTAT_ERNAEHRUNGSKATEGORIE (ZUTATNR, ERNAEHRUNGSKATNR) VALUES (1008, 1); -- Lauch
INSERT INTO ZUTAT_ERNAEHRUNGSKATEGORIE (ZUTATNR, ERNAEHRUNGSKATNR) VALUES (1009, 1); -- Knoblauch
INSERT INTO ZUTAT_ERNAEHRUNGSKATEGORIE (ZUTATNR, ERNAEHRUNGSKATNR) VALUES (1010, 1); -- Basilikum
INSERT INTO ZUTAT_ERNAEHRUNGSKATEGORIE (ZUTATNR, ERNAEHRUNGSKATNR) VALUES (1011, 1); -- Süßkartoffel
INSERT INTO ZUTAT_ERNAEHRUNGSKATEGORIE (ZUTATNR, ERNAEHRUNGSKATNR) VALUES (1012, 1); -- Schnittlauch
INSERT INTO ZUTAT_ERNAEHRUNGSKATEGORIE (ZUTATNR, ERNAEHRUNGSKATNR) VALUES (2001, 1); -- Apfel
INSERT INTO ZUTAT_ERNAEHRUNGSKATEGORIE (ZUTATNR, ERNAEHRUNGSKATNR) VALUES (6408, 1); -- Couscous
INSERT INTO ZUTAT_ERNAEHRUNGSKATEGORIE (ZUTATNR, ERNAEHRUNGSKATNR) VALUES (7043, 1); -- Gemüsebrühe (assuming vegan)
INSERT INTO ZUTAT_ERNAEHRUNGSKATEGORIE (ZUTATNR, ERNAEHRUNGSKATNR) VALUES (6300, 1); -- Kichererbsen
INSERT INTO ZUTAT_ERNAEHRUNGSKATEGORIE (ZUTATNR, ERNAEHRUNGSKATNR) VALUES (9001, 1); -- Tofu-Würstchen (assuming vegan)

-- Vegetarisch (ERNAEHRUNGSKATNR = 2) - Includes all vegan options
INSERT INTO ZUTAT_ERNAEHRUNGSKATEGORIE (ZUTATNR, ERNAEHRUNGSKATNR) VALUES (3001, 2); -- Vollmilch. 3.5%
INSERT INTO ZUTAT_ERNAEHRUNGSKATEGORIE (ZUTATNR, ERNAEHRUNGSKATNR) VALUES (3002, 2); -- Mozzarella
INSERT INTO ZUTAT_ERNAEHRUNGSKATEGORIE (ZUTATNR, ERNAEHRUNGSKATNR) VALUES (3003, 2); -- Butter
INSERT INTO ZUTAT_ERNAEHRUNGSKATEGORIE (ZUTATNR, ERNAEHRUNGSKATNR) VALUES (4001, 2); -- Ei

-- Fleisch essend (ERNAEHRUNGSKATNR = 3)
INSERT INTO ZUTAT_ERNAEHRUNGSKATEGORIE (ZUTATNR, ERNAEHRUNGSKATNR) VALUES (5001, 3); -- Wiener Würstchen

-- Frutarisch (ERNAEHRUNGSKATNR = 4)
INSERT INTO ZUTAT_ERNAEHRUNGSKATEGORIE (ZUTATNR, ERNAEHRUNGSKATNR) VALUES (2001, 3); -- Apfel
INSERT INTO ZUTAT_ERNAEHRUNGSKATEGORIE (ZUTATNR, ERNAEHRUNGSKATNR) VALUES (1003, 3); -- Tomate
INSERT INTO ZUTAT_ERNAEHRUNGSKATEGORIE (ZUTATNR, ERNAEHRUNGSKATNR) VALUES (1001, 3); -- Zuccini
-- Potential depends on harvesting method Karotte(1005), Süßkartoffel(1011)

-- High Protein (ERNAEHRUNGSKATNR = 5) - Based on a subjective assessment
INSERT INTO ZUTAT_ERNAEHRUNGSKATEGORIE (ZUTATNR, ERNAEHRUNGSKATNR) VALUES (3002, 5); -- Mozzarella
INSERT INTO ZUTAT_ERNAEHRUNGSKATEGORIE (ZUTATNR, ERNAEHRUNGSKATNR) VALUES (9001, 5); -- Tofu-Würstchen
INSERT INTO ZUTAT_ERNAEHRUNGSKATEGORIE (ZUTATNR, ERNAEHRUNGSKATNR) VALUES (6300, 5); -- Kichererbsen
INSERT INTO ZUTAT_ERNAEHRUNGSKATEGORIE (ZUTATNR, ERNAEHRUNGSKATNR) VALUES (5001, 5); -- Wiener Würstchen

-- Low Protein (ERNAEHRUNGSKATNR = 6) - Based on a subjective assessment
INSERT INTO ZUTAT_ERNAEHRUNGSKATEGORIE (ZUTATNR, ERNAEHRUNGSKATNR) VALUES (1001, 6); -- Zucchini
INSERT INTO ZUTAT_ERNAEHRUNGSKATEGORIE (ZUTATNR, ERNAEHRUNGSKATNR) VALUES (1002, 6); -- Zwiebel
INSERT INTO ZUTAT_ERNAEHRUNGSKATEGORIE (ZUTATNR, ERNAEHRUNGSKATNR) VALUES (1003, 6); -- Tomate
INSERT INTO ZUTAT_ERNAEHRUNGSKATEGORIE (ZUTATNR, ERNAEHRUNGSKATNR) VALUES (1004, 6); -- Schalotte
INSERT INTO ZUTAT_ERNAEHRUNGSKATEGORIE (ZUTATNR, ERNAEHRUNGSKATNR) VALUES (1005, 6); -- Karotte

-- Low Carb (ERNAEHRUNGSKATNR = 7) - Based on a subjective assessment
INSERT INTO ZUTAT_ERNAEHRUNGSKATEGORIE (ZUTATNR, ERNAEHRUNGSKATNR) VALUES (1001, 7); -- Zucchini
INSERT INTO ZUTAT_ERNAEHRUNGSKATEGORIE (ZUTATNR, ERNAEHRUNGSKATNR) VALUES (1002, 7); -- Zwiebel
INSERT INTO ZUTAT_ERNAEHRUNGSKATEGORIE (ZUTATNR, ERNAEHRUNGSKATNR) VALUES (1003, 7); -- Tomate
INSERT INTO ZUTAT_ERNAEHRUNGSKATEGORIE (ZUTATNR, ERNAEHRUNGSKATNR) VALUES (1004, 7); -- Schalotte
INSERT INTO ZUTAT_ERNAEHRUNGSKATEGORIE (ZUTATNR, ERNAEHRUNGSKATNR) VALUES (1007, 7); -- Rucola
INSERT INTO ZUTAT_ERNAEHRUNGSKATEGORIE (ZUTATNR, ERNAEHRUNGSKATNR) VALUES (1008, 7); -- Lauch
INSERT INTO ZUTAT_ERNAEHRUNGSKATEGORIE (ZUTATNR, ERNAEHRUNGSKATNR) VALUES (3003, 7); -- Butter

-- High Carb (ERNAEHRUNGSKATNR = 8) - Based on a subjective assessment
INSERT INTO ZUTAT_ERNAEHRUNGSKATEGORIE (ZUTATNR, ERNAEHRUNGSKATNR) VALUES (1006, 8); -- Kartoffel
INSERT INTO ZUTAT_ERNAEHRUNGSKATEGORIE (ZUTATNR, ERNAEHRUNGSKATNR) VALUES (1009, 8); -- Knoblauch
INSERT INTO ZUTAT_ERNAEHRUNGSKATEGORIE (ZUTATNR, ERNAEHRUNGSKATNR) VALUES (1011, 8); -- Süßkartoffel
INSERT INTO ZUTAT_ERNAEHRUNGSKATEGORIE (ZUTATNR, ERNAEHRUNGSKATNR) VALUES (2001, 8); -- Apfel
INSERT INTO ZUTAT_ERNAEHRUNGSKATEGORIE (ZUTATNR, ERNAEHRUNGSKATNR) VALUES (6408, 8); -- Couscous



