USE krautundrueben;

INSERT INTO ADRESSE (ADRESSENR, STRASSE, HAURSNR, POSTLEITZAHL, ORT, STADT, LAND) VALUES (3001, 'Eppendorfer Landstrasse', '104', '20249', 'Hamburg', 'Hamburg', 'DEUTSCHLAND');
INSERT INTO ADRESSE (ADRESSENR, STRASSE, HAURSNR, POSTLEITZAHL, ORT, STADT, LAND) VALUES (3002, 'Bananen Landstrasse', '15', '20249', 'Hamburg', 'Hamburg', 'DEUTSCHLAND');
INSERT INTO ADRESSE (ADRESSENR, STRASSE, HAURSNR, POSTLEITZAHL, ORT, STADT, LAND) VALUES (3003, 'Ohmstraße', '23', '22765', 'Hamburg', 'Hamburg', 'DEUTSCHLAND');
INSERT INTO ADRESSE (ADRESSENR, STRASSE, HAURSNR, POSTLEITZAHL, ORT, STADT, LAND) VALUES (3004, 'Bilser Berg', '6', '20459', 'Hamburg', 'Hamburg', 'DEUTSCHLAND');
INSERT INTO ADRESSE (ADRESSENR, STRASSE, HAURSNR, POSTLEITZAHL, ORT, STADT, LAND) VALUES (3005, 'Alter Teichweg', '95', '22049', 'Hamburg', 'Hamburg', 'DEUTSCHLAND');
INSERT INTO ADRESSE (ADRESSENR, STRASSE, HAURSNR, POSTLEITZAHL, ORT, STADT, LAND) VALUES (3006, 'Stübels', '10', '22835', 'Barsbüttel', 'Hamburg', 'DEUTSCHLAND');
INSERT INTO ADRESSE (ADRESSENR, STRASSE, HAURSNR, POSTLEITZAHL, ORT, STADT, LAND) VALUES (3007, 'Grotelertwiete', '4a', '21075', 'Hamburg', 'Hamburg', 'DEUTSCHLAND');
INSERT INTO ADRESSE (ADRESSENR, STRASSE, HAURSNR, POSTLEITZAHL, ORT, STADT, LAND) VALUES (3008, 'Küstersweg', '3', '21079', 'Hamburg', 'Hamburg', 'DEUTSCHLAND');
INSERT INTO ADRESSE (ADRESSENR, STRASSE, HAURSNR, POSTLEITZAHL, ORT, STADT, LAND) VALUES (3009, 'Neugrabener Bahnhofstraße', '30', '21149', 'Hamburg', 'Hamburg', 'DEUTSCHLAND');
INSERT INTO ADRESSE (ADRESSENR, STRASSE, HAURSNR, POSTLEITZAHL, ORT, STADT, LAND) VALUES (3010, 'Elbchaussee', '228', '22605', 'Hamburg', 'Hamburg', 'DEUTSCHLAND');
INSERT INTO ADRESSE (ADRESSENR, STRASSE, HAURSNR, POSTLEITZAHL, ORT, STADT, LAND) VALUES (3011, 'Dorfstraße', '74', '24354', 'Weseby', 'Hamburg', 'DEUTSCHLAND');
INSERT INTO ADRESSE (ADRESSENR, STRASSE, HAURSNR, POSTLEITZAHL, ORT, STADT, LAND) VALUES (3012, 'Westerjork 74', '76', '21635', 'Jork', 'Hamburg', 'DEUTSCHLAND');
INSERT INTO ADRESSE (ADRESSENR, STRASSE, HAURSNR, POSTLEITZAHL, ORT, STADT, LAND) VALUES (3013, 'Molkereiweg', '13', '19217', 'Dechow', 'Hamburg', 'DEUTSCHLAND');
INSERT INTO ADRESSE (ADRESSENR, STRASSE, HAURSNR, POSTLEITZAHL, ORT, STADT, LAND) VALUES (3014, 'Nudelstrasse', '13', '21109', 'Hamburg', 'Hamburg', 'DEUTSCHLAND');
INSERT INTO ADRESSE (ADRESSENR, STRASSE, HAURSNR, POSTLEITZAHL, ORT, STADT, LAND) VALUES (3015, 'Landstrasse', '27', '21109', 'Hamburg', 'Hamburg', 'DEUTSCHLAND');
INSERT INTO ADRESSE (ADRESSENR, STRASSE, HAURSNR, POSTLEITZAHL, ORT, STADT, LAND) VALUES (3016, 'Ehestorferheuweg', '16', '21149', 'Hamburg', 'Hamburg', 'DEUTSCHLAND');

INSERT INTO LOGIN (USERNAME, PASSHASH, SECURITYANSWER) VALUES ('wellensteyn', '$2a$12$ZXiWuvJ4WSxivBnkefCDre4o.jJkiLYzv7tjR6cJV4G4IcN4QqNJO', '$2a$12$NSqJC1Le31sM9NVnTPmDKeK3btkzsgIfHjDWiJBoiV5hUi/ODWqsG');
INSERT INTO LOGIN (USERNAME, PASSHASH, SECURITYANSWER) VALUES ('foede', '$2a$12$fHvQjTT6fWcWqZDaofX66OvGzV4S5w9dfLLu01XNDFQgZJvWcofJ2', '$2a$12$0OoOel5PEEqIJRFjtl8O6e/sImBQGDbFN9cOd4JYOhwYhUbWi19Fm');
INSERT INTO LOGIN (USERNAME, PASSHASH, SECURITYANSWER) VALUES ('leberer', '$2a$12$6HISB0Uh4vmg6HqfTfQ9ke2TSRvdv7iIroLOLTAHCiU6TqhUMG3Gi', '$2a$12$VPngM0bz7aD3y5nxl82M.OvC6QT3Ti7NrJqyncDivwvdb29tBB6l.');
INSERT INTO LOGIN (USERNAME, PASSHASH, SECURITYANSWER) VALUES ('soerensen', '$2a$12$NLMKmyG/BUXxUwly7iGsn.MoYVVWujMz/d5Qwk1zkwzcgGc7i/FpC', '$2a$12$refmaOrgsFNZhQ4WaWAUa.oSqBzGuZxs2dQki2hx8rAbTwa6wFzMi');
INSERT INTO LOGIN (USERNAME, PASSHASH, SECURITYANSWER) VALUES ('schnitter', '$2a$12$hnOv4AG03rv3AS1UVMVjJ.zK0oQ61Att1sqdntu4Tn2nFmfmxVFVu', '$2a$12$aRfO0TgHIdlbMdiTHKgIZOU3g.s1cqWiqR.vPzHoPDP/7hW2mD.s6');
INSERT INTO LOGIN (USERNAME, PASSHASH, SECURITYANSWER) VALUES ('maurer', '$2a$12$8Sq6s.oBPONzYJ4EG4vdYu1scYZeu/okERnEIoEpPNwZu2CugxeY.', '$2a$12$UMAqB4EA7Dszrqpn8TGGbeWXyzjLsMsbBEnNPgZ3WB3/YeoEIIiPG');
INSERT INTO LOGIN (USERNAME, PASSHASH, SECURITYANSWER) VALUES ('gessert', '$2a$12$fFd7Bn1.JflQwCknLgY79.C2AHRceLeKjziv06t4eeBejwp8faWH.', '$2a$12$z7HZ2P05bFn463Ul1lx3ZeIK5CxNj6UGv75Md2JgMnuVWGyLxkXPK');
INSERT INTO LOGIN (USERNAME, PASSHASH, SECURITYANSWER) VALUES ('haessig', '$2a$12$OhauZYsDZj1U7YcxU4Jzqe/M7DPGYOkvgwk2sJkWfkycx56Ls.35y', '$2a$12$q/rOj/5zlFpLz9VjE9vgcO8gdsghXCjfnTl1kpGuxKcYEq6/Eic/q');
INSERT INTO LOGIN (USERNAME, PASSHASH, SECURITYANSWER) VALUES ('urocki', '$2a$12$DZjv6w.VqxUzZDgfBsUp2uCdRhtADpJsxagBmpUoCzi.da6fLzS6K', '$2a$12$tXusTVmxCNQKMIofnVwXPOsTAVhF8Ili9MLB.9czDkIpUh4QIbM1O');

INSERT INTO KUNDE (KUNDENNR, ADRESSNR, NACHNAME, VORNAME, GEBURTSDATUM, TELEFON, EMAIL, ABO, USERNAME) VALUES (2001, 3001,'Wellensteyn','Kira','1990-05-05','040/443322','k.wellensteyn@yahoo.de', true, 'wellensteyn');
INSERT INTO KUNDE (KUNDENNR, ADRESSNR, NACHNAME, VORNAME, GEBURTSDATUM, TELEFON, EMAIL, ABO, USERNAME) VALUES (2002,3003, 'Foede','Dorothea','2000-03-24','040/543822','d.foede@web.de', true, 'foede');
INSERT INTO KUNDE (KUNDENNR, ADRESSNR, NACHNAME, VORNAME, GEBURTSDATUM, TELEFON, EMAIL, ABO, USERNAME) VALUES (2003, 3004, 'Leberer','Sigrid','1989-09-21','0175/1234588','sigrid@leberer.de', false , 'leberer');
INSERT INTO KUNDE (KUNDENNR, ADRESSNR, NACHNAME, VORNAME, GEBURTSDATUM, TELEFON, EMAIL, ABO, USERNAME) VALUES (2004, 3005, 'Soerensen','Hanna','1974-04-03','040/634578','h.soerensen@yahoo.de', false, 'soerensen');
INSERT INTO KUNDE (KUNDENNR, ADRESSNR, NACHNAME, VORNAME, GEBURTSDATUM, TELEFON, EMAIL, ABO, USERNAME) VALUES (2005, 3006, 'Schnitter','Marten','1964-04-17','0176/447587','schni_mart@gmail.com', true, 'schnitter');
INSERT INTO KUNDE (KUNDENNR, ADRESSNR, NACHNAME, VORNAME, GEBURTSDATUM, TELEFON, EMAIL, ABO, USERNAME) VALUES (2006, 3007, 'Maurer','Belinda','1978-09-09','040/332189','belinda1978@yahoo.de', false, 'maurer');
INSERT INTO KUNDE (KUNDENNR, ADRESSNR, NACHNAME, VORNAME, GEBURTSDATUM, TELEFON, EMAIL, ABO, USERNAME) VALUES (2007, 3008, 'Gessert','Armin','1978-01-29','040/67890','armin@gessert.de', true, 'gessert');
INSERT INTO KUNDE (KUNDENNR, ADRESSNR, NACHNAME, VORNAME, GEBURTSDATUM, TELEFON, EMAIL, ABO, USERNAME) VALUES (2008, 3009,'Haessig','Jean-Marc','1982-08-30','0178-67013390','jm@haessig.de', true, 'haessig');
INSERT INTO KUNDE (KUNDENNR, ADRESSNR, NACHNAME, VORNAME, GEBURTSDATUM, TELEFON, EMAIL, ABO, USERNAME) VALUES (2009, 3010,'Urocki','Eric','1999-12-04','0152-96701390','urocki@outlook.de', false, 'urocki');

INSERT INTO BESTELLUNG (BESTELLNR, KUNDENNR, BESTELLDATUM) VALUES (1001, 2001, '2025-04-24');
INSERT INTO BESTELLUNG (BESTELLNR, KUNDENNR, BESTELLDATUM) VALUES (1002, 2001, '2025-05-01');
INSERT INTO BESTELLUNG (BESTELLNR, KUNDENNR, BESTELLDATUM) VALUES (1003, 2002, '2025-03-01');
INSERT INTO BESTELLUNG (BESTELLNR, KUNDENNR, BESTELLDATUM) VALUES (1004, 2002, '2025-04-09');
INSERT INTO BESTELLUNG (BESTELLNR, KUNDENNR, BESTELLDATUM) VALUES (1005, 2002, '2025-03-19');
INSERT INTO BESTELLUNG (BESTELLNR, KUNDENNR, BESTELLDATUM) VALUES (1006, 2003, '2025-03-26');
INSERT INTO BESTELLUNG (BESTELLNR, KUNDENNR, BESTELLDATUM) VALUES (1007, 2003, '2025-04-27');
INSERT INTO BESTELLUNG (BESTELLNR, KUNDENNR, BESTELLDATUM) VALUES (1008, 2004, '2025-05-01');
INSERT INTO BESTELLUNG (BESTELLNR, KUNDENNR, BESTELLDATUM) VALUES (1009, 2005, '2025-02-06');
INSERT INTO BESTELLUNG (BESTELLNR, KUNDENNR, BESTELLDATUM) VALUES (1010, 2005, '2025-03-16');
INSERT INTO BESTELLUNG (BESTELLNR, KUNDENNR, BESTELLDATUM) VALUES (1011, 2005, '2025-04-12');
INSERT INTO BESTELLUNG (BESTELLNR, KUNDENNR, BESTELLDATUM) VALUES (1012, 2006, '2025-04-13');

INSERT INTO REZEPT (REZEPTNR, NAME, BESCHREIBUNG, VORGEHEN) VALUES (1,
                                                                    'Lachslasagne',
                                                                    'Eine Lachs Lasagne',
                                                                    'Den Spinat 5 min vorgaren, auspressen bis er ganz trocken ist und würzen.
                                                                                Den Lachs etwas auftauen lassen, in kleine Stücke schneiden und mit Zitrone, Salz und Pfeffer würzen.
                                                                                Für die Bechamel-Soße wird die Butter im Topf erhitzt, das Mehl verrührt und mit der Milch aufgegossen. Die Brühe dazugeben und 5 min. kochen lassen. Danach die Sahne dazurühren und nochmals aufkochen lassen.
                                                                                Schließlich den Parmesan hinzufügen und mit Pfeffer und Muskat abschmecken. Jetzt alles abwechselnd in eine feuerfeste Form schichten, zuerst die Soße, dann Lasagneblätter, Soße, Spinat, Lachs, Käse, Lasagneblätter, usw. Letzte Schicht ist Soße.
                                                                                Die Lasagne anschließend bei 200 Grad 45 min. in den Backofen.');
INSERT INTO REZEPT (REZEPTNR, NAME, BESCHREIBUNG, VORGEHEN) VALUES (2,
                                                                    'Kartoffel-Gemüse-Pfanne',
                                                                    'Eine Gemüse Pfanne mit Kartoffeln',
                                                                    '1. Kartoffeln schälen, in kleine Würfel schneiden und in leicht gesalzenem Wasser ca. 10 Minuten vorkochen (nicht ganz durchgaren).
                                                                                2. Zwiebel schälen und in feine Streifen schneiden.
                                                                                3. Zucchini und Paprika waschen und würfeln.
                                                                                4. Öl in einer großen Pfanne erhitzen. Zwiebeln darin glasig braten.
                                                                                5. Vorgekochte Kartoffeln zugeben und ca. 5 Minuten anbraten.
                                                                                6. Zucchini und Paprika hinzufügen und alles weitere 5–10 Minuten braten, bis das Gemüse gar ist.
                                                                                7. Mit Salz und Pfeffer abschmecken. Optional mit etwas Butter oder Zitronensaft verfeinern.');

INSERT INTO REZEPT (REZEPTNR, NAME, BESCHREIBUNG, VORGEHEN) VALUES (3,
                                                                    'Fruchtiger Quinoasalat',
                                                                    'Ein Quinoasalat mit Früchten.',
                                                                    'Quinoa kochen, abkühlen lassen. Mit gewürfeltem Obst, Rosinen und klein gehackter Minze mischen. Mit Zitronensaft und Olivenöl abschmecken.'
                                                                   );

INSERT INTO REZEPT (REZEPTNR, NAME, BESCHREIBUNG, VORGEHEN) VALUES (4,
                                                                    'Linsen-Kokos-Curry',
                                                                    'Veganes Linsen Kokos Curry',
                                                                    'Zwiebel, Knoblauch und Ingwer anbraten, Linsen und Gewürze dazugeben. Mit Kokosmilch aufgießen und 15–20 Min. köcheln lassen.'
                                                                   );

INSERT INTO REZEPT (REZEPTNR, NAME, BESCHREIBUNG, VORGEHEN) VALUES (5,
                                                                    'Tofu-Gemüse-Pfanne mit Erdnusssauce',
                                                                    'Eine Gemüse pfanne mit tofu und erdnusssauce',
                                                                    'Tofu würfeln und anbraten, Gemüse hinzufügen. Sauce aus Erdnussbutter, Sojasauce, Limette, Wasser und Knoblauch anrühren, untermischen und erhitzen.'
                                                                   );

INSERT INTO REZEPT (REZEPTNR, NAME, BESCHREIBUNG, VORGEHEN) VALUES (6,
                                                                    'Zucchini-Spaghetti mit Pesto und Tomaten',
                                                                    'Spaghetti aus Zuccini mit pesto und tomaten',
                                                                    'Zucchini mit Spiralschneider in „Spaghetti“ schneiden, kurz andünsten. Mit Pesto und Tomaten vermengen, nach Belieben mit Parmesan toppen.'
                                                                   );

INSERT INTO REZEPT (REZEPTNR, NAME, BESCHREIBUNG, VORGEHEN) VALUES (7,
                                                                    'Ananas-Gurken-Salat',
                                                                    'Ein frutarischer salat mit Ananas und Gurken',
                                                                    'Ananas und Gurke in eine Schüssel geben, mit Minze und Limettensaft vermengen. Frisch servieren.'
                                                                   );

INSERT INTO REZEPT (REZEPTNR, NAME, BESCHREIBUNG, VORGEHEN) VALUES (8,
                                                                    'Kichererbsen-Avocado-Bowl',
                                                                    'eine Bowl mit Avocado und Kichererbsen',
                                                                    'Kichererbsen abspülen und abtropfen lassen. Mit gewürfelter Avocado und Tomate in einer Schüssel vermengen. Mit Olivenöl, Kreuzkümmel, Salz, Pfeffer und Zitronensaft abschmecken.'
                                                                   );

INSERT INTO REZEPT (REZEPTNR, NAME, BESCHREIBUNG, VORGEHEN) VALUES (9,
                                                                    'Pasta mit Tomaten-Mozzarella-Sauce',
                                                                    'Eine vegetarische pasta mit mozzarella sauce',
                                                                    'Pasta nach Packungsanweisung kochen. Knoblauch in Olivenöl anbraten, Tomaten hinzufügen und 10 Min. köcheln lassen. Mit Salz, Pfeffer und Basilikum würzen. Pasta mit Sauce und Mozzarella servieren.'
                                                                   );

INSERT INTO REZEPT (REZEPTNR, NAME, BESCHREIBUNG, VORGEHEN) VALUES (10,
                                                                    'Hähnchenbrust mit Quinoa und Brokkoli',
                                                                    'Gedämpfter brokoli mit hähnchenbrust und quinoa',
                                                                    'Hähnchenbrust würzen und braten. Quinoa nach Packungsanweisung kochen. Brokkoli dämpfen. Alles zusammen anrichten und mit Olivenöl beträufeln.'
                                                                   );

INSERT INTO BESTELLUNG_REZEPT (BESTELLNR, REZEPTNR, PORTIONEN) VALUES (1001, 1, 4);
INSERT INTO BESTELLUNG_REZEPT (BESTELLNR, REZEPTNR, PORTIONEN) VALUES (1001, 2, 1);
INSERT INTO BESTELLUNG_REZEPT (BESTELLNR, REZEPTNR, PORTIONEN) VALUES (1002, 5, 1);

INSERT INTO BESTELLUNG_REZEPT (BESTELLNR, REZEPTNR, PORTIONEN) VALUES (1002, 7, 2);
INSERT INTO BESTELLUNG_REZEPT (BESTELLNR, REZEPTNR, PORTIONEN) VALUES (1002, 9, 1);
INSERT INTO BESTELLUNG_REZEPT (BESTELLNR, REZEPTNR, PORTIONEN) VALUES (1003, 9, 1);
INSERT INTO BESTELLUNG_REZEPT (BESTELLNR, REZEPTNR, PORTIONEN) VALUES (1003, 1, 1);
INSERT INTO BESTELLUNG_REZEPT (BESTELLNR, REZEPTNR, PORTIONEN) VALUES (1003, 2, 3);
INSERT INTO BESTELLUNG_REZEPT (BESTELLNR, REZEPTNR, PORTIONEN) VALUES (1003, 10, 3);
INSERT INTO BESTELLUNG_REZEPT (BESTELLNR, REZEPTNR, PORTIONEN) VALUES (1003, 8, 1);
INSERT INTO BESTELLUNG_REZEPT (BESTELLNR, REZEPTNR, PORTIONEN) VALUES (1004, 1, 1);
INSERT INTO BESTELLUNG_REZEPT (BESTELLNR, REZEPTNR, PORTIONEN) VALUES (1004, 4, 2);
INSERT INTO BESTELLUNG_REZEPT (BESTELLNR, REZEPTNR, PORTIONEN) VALUES (1004, 5, 4);
INSERT INTO BESTELLUNG_REZEPT (BESTELLNR, REZEPTNR, PORTIONEN) VALUES (1004, 6, 1);
INSERT INTO BESTELLUNG_REZEPT (BESTELLNR, REZEPTNR, PORTIONEN) VALUES (1005, 8, 4);
INSERT INTO BESTELLUNG_REZEPT (BESTELLNR, REZEPTNR, PORTIONEN) VALUES (1006, 1, 4);
INSERT INTO BESTELLUNG_REZEPT (BESTELLNR, REZEPTNR, PORTIONEN) VALUES (1006, 2, 1);
INSERT INTO BESTELLUNG_REZEPT (BESTELLNR, REZEPTNR, PORTIONEN) VALUES (1006, 10, 2);
INSERT INTO BESTELLUNG_REZEPT (BESTELLNR, REZEPTNR, PORTIONEN) VALUES (1006, 8, 1);
INSERT INTO BESTELLUNG_REZEPT (BESTELLNR, REZEPTNR, PORTIONEN) VALUES (1007, 5, 1);
INSERT INTO BESTELLUNG_REZEPT (BESTELLNR, REZEPTNR, PORTIONEN) VALUES (1008, 5, 1);
INSERT INTO BESTELLUNG_REZEPT (BESTELLNR, REZEPTNR, PORTIONEN) VALUES (1008, 6, 1);
INSERT INTO BESTELLUNG_REZEPT (BESTELLNR, REZEPTNR, PORTIONEN) VALUES (1008, 9, 1);
INSERT INTO BESTELLUNG_REZEPT (BESTELLNR, REZEPTNR, PORTIONEN) VALUES (1008, 3, 1);
INSERT INTO BESTELLUNG_REZEPT (BESTELLNR, REZEPTNR, PORTIONEN) VALUES (1009, 1, 1);
INSERT INTO BESTELLUNG_REZEPT (BESTELLNR, REZEPTNR, PORTIONEN) VALUES (1009, 4, 3);
INSERT INTO BESTELLUNG_REZEPT (BESTELLNR, REZEPTNR, PORTIONEN) VALUES (1009, 5, 1);
INSERT INTO BESTELLUNG_REZEPT (BESTELLNR, REZEPTNR, PORTIONEN) VALUES (1010, 8, 1);
INSERT INTO BESTELLUNG_REZEPT (BESTELLNR, REZEPTNR, PORTIONEN) VALUES (1010, 9, 2);
INSERT INTO BESTELLUNG_REZEPT (BESTELLNR, REZEPTNR, PORTIONEN) VALUES (1011, 1, 1);
INSERT INTO BESTELLUNG_REZEPT (BESTELLNR, REZEPTNR, PORTIONEN) VALUES (1011, 2, 1);
INSERT INTO BESTELLUNG_REZEPT (BESTELLNR, REZEPTNR, PORTIONEN) VALUES (1011, 6, 1);
INSERT INTO BESTELLUNG_REZEPT (BESTELLNR, REZEPTNR, PORTIONEN) VALUES (1011, 8, 3);
INSERT INTO BESTELLUNG_REZEPT (BESTELLNR, REZEPTNR, PORTIONEN) VALUES (1011, 9, 1);
INSERT INTO BESTELLUNG_REZEPT (BESTELLNR, REZEPTNR, PORTIONEN) VALUES (1011, 4, 2);
INSERT INTO BESTELLUNG_REZEPT (BESTELLNR, REZEPTNR, PORTIONEN) VALUES (1012, 7, 4);

INSERT INTO LIEFERANT (LIEFNR, ADRESSNR, NAME) VALUES (101, 3002, 'bananen hof');
INSERT INTO LIEFERANT (LIEFNR, ADRESSNR, NAME) VALUES (102, 3011, 'Bio-Hof Müller'); -- '04354-9080', 'mueller@biohof.de'
INSERT INTO LIEFERANT (LIEFNR, ADRESSNR, NAME) VALUES (103, 3012, 'Obst-Hof Altes Land'); -- '04162-4523', 'info@biohof-altesland.de'
INSERT INTO LIEFERANT (LIEFNR, ADRESSNR, NAME) VALUES (104, 3013, 'Molkerei Henning'); -- '038873-8976', 'info@molkerei-henning.de'
INSERT INTO LIEFERANT (LIEFNR, ADRESSNR, NAME) VALUES (105, 3014, 'Nudel Fabrik'); -- '038873-8976', 'info@molkerei-henning.de'
INSERT INTO LIEFERANT (LIEFNR, ADRESSNR, NAME) VALUES (106, 3015, 'Fischerei'); -- '038873-8976', 'info@molkerei-henning.de'
INSERT INTO LIEFERANT (LIEFNR, ADRESSNR, NAME) VALUES (107, 3016, 'Importeur'); -- '038873-8976', 'info@molkerei-henning.de'



INSERT INTO ZUTAT (ZUTATNR, LIEFNR, BEZEICHNUNG, BESCHREIBUNG, GEWICHT, EINHEIT, BESTAND, NETTOPREIS, CO2, KOHLENHYDRATE, PROTEIN, FETT, KALORIEN) VALUES (1001, 101, 'zucchini',          '',  200,      'g',      100,  0.89,    0.2,   2,      1.6,   0.3,     19      );
INSERT INTO ZUTAT (ZUTATNR, LIEFNR, BEZEICHNUNG, BESCHREIBUNG, GEWICHT, EINHEIT, BESTAND, NETTOPREIS, CO2, KOHLENHYDRATE, PROTEIN, FETT, KALORIEN) VALUES (1002, 101, 'zwiebel',           '',  200,      'g',      50,   0.15,    0.2,   4.9,    1.20,  0.1,     28      );
INSERT INTO ZUTAT (ZUTATNR, LIEFNR, BEZEICHNUNG, BESCHREIBUNG, GEWICHT, EINHEIT, BESTAND, NETTOPREIS, CO2, KOHLENHYDRATE, PROTEIN, FETT, KALORIEN) VALUES (1003, 101, 'tomate',            '',  200,      'g',      50,   0.45,    0.8,   2.6,    1,     0.2,     18      );
INSERT INTO ZUTAT (ZUTATNR, LIEFNR, BEZEICHNUNG, BESCHREIBUNG, GEWICHT, EINHEIT, BESTAND, NETTOPREIS, CO2, KOHLENHYDRATE, PROTEIN, FETT, KALORIEN) VALUES (1004, 101, 'schalotte',         '',  200,      'g',      500,  0.20,    0.2,   3.3,    1.5,   0.1,     25      );
INSERT INTO ZUTAT (ZUTATNR, LIEFNR, BEZEICHNUNG, BESCHREIBUNG, GEWICHT, EINHEIT, BESTAND, NETTOPREIS, CO2, KOHLENHYDRATE, PROTEIN, FETT, KALORIEN) VALUES (1005, 101, 'karotte',           '',  200,      'g',      500,  0.30,    0.1,   10,     0.9,   0.2,     41      );
INSERT INTO ZUTAT (ZUTATNR, LIEFNR, BEZEICHNUNG, BESCHREIBUNG, GEWICHT, EINHEIT, BESTAND, NETTOPREIS, CO2, KOHLENHYDRATE, PROTEIN, FETT, KALORIEN) VALUES (1006, 101, 'kartoffel',         '',  200,      'g',      1500, 0.15,    0.2,   14.6,   2,     0.1,     71      );
INSERT INTO ZUTAT (ZUTATNR, LIEFNR, BEZEICHNUNG, BESCHREIBUNG, GEWICHT, EINHEIT, BESTAND, NETTOPREIS, CO2, KOHLENHYDRATE, PROTEIN, FETT, KALORIEN) VALUES (1007, 101, 'rucola',            '',  100,      'g',      10,   0.90,    0.3,   2.1,    2.6,   0.7,     27      );
INSERT INTO ZUTAT (ZUTATNR, LIEFNR, BEZEICHNUNG, BESCHREIBUNG, GEWICHT, EINHEIT, BESTAND, NETTOPREIS, CO2, KOHLENHYDRATE, PROTEIN, FETT, KALORIEN) VALUES (1008, 101, 'lauch',             '',  100,      'g',      35,   1.2,     0.2,   3.3,    2.1,   0.3,     29      );
INSERT INTO ZUTAT (ZUTATNR, LIEFNR, BEZEICHNUNG, BESCHREIBUNG, GEWICHT, EINHEIT, BESTAND, NETTOPREIS, CO2, KOHLENHYDRATE, PROTEIN, FETT, KALORIEN) VALUES (1009, 101, 'knoblauch',         '',  100,      'g',      250,  0.25,    0.2,   28.4,   6.1,   0.1,     141     );
INSERT INTO ZUTAT (ZUTATNR, LIEFNR, BEZEICHNUNG, BESCHREIBUNG, GEWICHT, EINHEIT, BESTAND, NETTOPREIS, CO2, KOHLENHYDRATE, PROTEIN, FETT, KALORIEN) VALUES (1010, 101, 'basilikum',         '',  100,      'g',      10,   1.3,     0.3,   5.1,    3.1,   0.6,     41      );
INSERT INTO ZUTAT (ZUTATNR, LIEFNR, BEZEICHNUNG, BESCHREIBUNG, GEWICHT, EINHEIT, BESTAND, NETTOPREIS, CO2, KOHLENHYDRATE, PROTEIN, FETT, KALORIEN) VALUES (1011, 101, 'süßkartoffel',      '',  200,      'g',      200,  2.0,     0.2,   20,     1.6,   0.1,     86      );
INSERT INTO ZUTAT (ZUTATNR, LIEFNR, BEZEICHNUNG, BESCHREIBUNG, GEWICHT, EINHEIT, BESTAND, NETTOPREIS, CO2, KOHLENHYDRATE, PROTEIN, FETT, KALORIEN) VALUES (1012, 101, 'schnittlauch',      '',  100,      'g',      10,   0.9,     0.3,   1,      3,     0.7,     28      );
INSERT INTO ZUTAT (ZUTATNR, LIEFNR, BEZEICHNUNG, BESCHREIBUNG, GEWICHT, EINHEIT, BESTAND, NETTOPREIS, CO2, KOHLENHYDRATE, PROTEIN, FETT, KALORIEN) VALUES (2001, 102, 'apfel',             '',  200,      'g',      750,  1.2,     0.3,   14.4,   0.3,   0.2,     54      );
INSERT INTO ZUTAT (ZUTATNR, LIEFNR, BEZEICHNUNG, BESCHREIBUNG, GEWICHT, EINHEIT, BESTAND, NETTOPREIS, CO2, KOHLENHYDRATE, PROTEIN, FETT, KALORIEN) VALUES (3001, 103, 'vollmilch. 3.5%',   '',  1000,     'ml',     50,   1.5,     1.4,   4.7,    3.4,   3.5,     65      );
INSERT INTO ZUTAT (ZUTATNR, LIEFNR, BEZEICHNUNG, BESCHREIBUNG, GEWICHT, EINHEIT, BESTAND, NETTOPREIS, CO2, KOHLENHYDRATE, PROTEIN, FETT, KALORIEN) VALUES (3002, 103, 'mozzarella',        '',  200,      'g',      20,   3.5,     7.0,   1,      18.1,  17,      241     );
INSERT INTO ZUTAT (ZUTATNR, LIEFNR, BEZEICHNUNG, BESCHREIBUNG, GEWICHT, EINHEIT, BESTAND, NETTOPREIS, CO2, KOHLENHYDRATE, PROTEIN, FETT, KALORIEN) VALUES (3003, 103, 'butter',            '',  200,      'g',      50,   3.0,     9.0,   0.6,    0.7,   81,      741     );
INSERT INTO ZUTAT (ZUTATNR, LIEFNR, BEZEICHNUNG, BESCHREIBUNG, GEWICHT, EINHEIT, BESTAND, NETTOPREIS, CO2, KOHLENHYDRATE, PROTEIN, FETT, KALORIEN) VALUES (4001, 102, 'ei',                '',  6,        'stück',  300,  0.4,     3.0,   1.5,    11.9,  11,      137     );
INSERT INTO ZUTAT (ZUTATNR, LIEFNR, BEZEICHNUNG, BESCHREIBUNG, GEWICHT, EINHEIT, BESTAND, NETTOPREIS, CO2, KOHLENHYDRATE, PROTEIN, FETT, KALORIEN) VALUES (5001, 101, 'wiener Würstchen',  '',  200,      'g',      40,   1.8,     2.9,   1.2,    9.9,   19,      331     );
INSERT INTO ZUTAT (ZUTATNR, LIEFNR, BEZEICHNUNG, BESCHREIBUNG, GEWICHT, EINHEIT, BESTAND, NETTOPREIS, CO2, KOHLENHYDRATE, PROTEIN, FETT, KALORIEN) VALUES (9001, 103, 'tofu-Würstchen',    '',  200,      'g',      20,   1.8,     1.0,   7,      17,    17,      252     );
INSERT INTO ZUTAT (ZUTATNR, LIEFNR, BEZEICHNUNG, BESCHREIBUNG, GEWICHT, EINHEIT, BESTAND, NETTOPREIS, CO2, KOHLENHYDRATE, PROTEIN, FETT, KALORIEN) VALUES (6408, 102, 'couscous',          '',  200,      'g',      15,   1.9,     0.6,   67,     12,    0.2,     351     );
INSERT INTO ZUTAT (ZUTATNR, LIEFNR, BEZEICHNUNG, BESCHREIBUNG, GEWICHT, EINHEIT, BESTAND, NETTOPREIS, CO2, KOHLENHYDRATE, PROTEIN, FETT, KALORIEN) VALUES (7043, 101, 'gemüsebrühe',       '',  200,      'g',      4000, 0.2,     0.5,   0.5,    0.5,   0.1,     1       );
INSERT INTO ZUTAT (ZUTATNR, LIEFNR, BEZEICHNUNG, BESCHREIBUNG, GEWICHT, EINHEIT, BESTAND, NETTOPREIS, CO2, KOHLENHYDRATE, PROTEIN, FETT, KALORIEN) VALUES (6300, 103, 'kichererbsen',      '',  200,      'g',      400,  1.0,     1.3,   21.2,   9,     6,       150     );
INSERT INTO ZUTAT (ZUTATNR, LIEFNR, BEZEICHNUNG, BESCHREIBUNG, GEWICHT, EINHEIT, BESTAND, NETTOPREIS, CO2, KOHLENHYDRATE, PROTEIN, FETT, KALORIEN) VALUES (1013, 102, 'spinat',            '',  200,      'g',      100,  1.2,     1.2,   2,      2,     0.4,     23      );
INSERT INTO ZUTAT (ZUTATNR, LIEFNR, BEZEICHNUNG, BESCHREIBUNG, GEWICHT, EINHEIT, BESTAND, NETTOPREIS, CO2, KOHLENHYDRATE, PROTEIN, FETT, KALORIEN) VALUES (1014, 106, 'lachs',             '',  200,      'g',      50,   5.0,     6.0,   0,      20,    10,      200     );
INSERT INTO ZUTAT (ZUTATNR, LIEFNR, BEZEICHNUNG, BESCHREIBUNG, GEWICHT, EINHEIT, BESTAND, NETTOPREIS, CO2, KOHLENHYDRATE, PROTEIN, FETT, KALORIEN) VALUES (1015, 105, 'lasagne platten',   '',  200,      'g',      100,  1.5,     1.5,   15,     3,     1,       80      );
INSERT INTO ZUTAT (ZUTATNR, LIEFNR, BEZEICHNUNG, BESCHREIBUNG, GEWICHT, EINHEIT, BESTAND, NETTOPREIS, CO2, KOHLENHYDRATE, PROTEIN, FETT, KALORIEN) VALUES (1016, 102, 'mehl',              '',  200,      'g',      100,  0.5,     0.25,  7,      1,     0,       30      );
INSERT INTO ZUTAT (ZUTATNR, LIEFNR, BEZEICHNUNG, BESCHREIBUNG, GEWICHT, EINHEIT, BESTAND, NETTOPREIS, CO2, KOHLENHYDRATE, PROTEIN, FETT, KALORIEN) VALUES (1017, 104, 'sahne',             '',  200,      'ml',     200,  1.0,     1.2,   3,      2,     15,      150     );
INSERT INTO ZUTAT (ZUTATNR, LIEFNR, BEZEICHNUNG, BESCHREIBUNG, GEWICHT, EINHEIT, BESTAND, NETTOPREIS, CO2, KOHLENHYDRATE, PROTEIN, FETT, KALORIEN) VALUES (1018, 104, 'parmesan',          '',  200,      'g',      100,  2.5,     1.6,   0,      3,     7,       80      );
INSERT INTO ZUTAT (ZUTATNR, LIEFNR, BEZEICHNUNG, BESCHREIBUNG, GEWICHT, EINHEIT, BESTAND, NETTOPREIS, CO2, KOHLENHYDRATE, PROTEIN, FETT, KALORIEN) VALUES (1019, 107, 'zitrone',           '',  200,      'g',      200,  0.3,     0.15,  2,      0.5,   0.1,     12      );
INSERT INTO ZUTAT (ZUTATNR, LIEFNR, BEZEICHNUNG, BESCHREIBUNG, GEWICHT, EINHEIT, BESTAND, NETTOPREIS, CO2, KOHLENHYDRATE, PROTEIN, FETT, KALORIEN) VALUES (1020, 107, 'käse',              '',  200,      'g',      50,   2.0,     5.7,   3,      25,    33,      400     );
INSERT INTO ZUTAT (ZUTATNR, LIEFNR, BEZEICHNUNG, BESCHREIBUNG, GEWICHT, EINHEIT, BESTAND, NETTOPREIS, CO2, KOHLENHYDRATE, PROTEIN, FETT, KALORIEN) VALUES (1021, 102, 'hähnchenbrustfilet','',  200,      'g',      24,   1.8,     5.5,   0,      23,    2,       110     );
INSERT INTO ZUTAT (ZUTATNR, LIEFNR, BEZEICHNUNG, BESCHREIBUNG, GEWICHT, EINHEIT, BESTAND, NETTOPREIS, CO2, KOHLENHYDRATE, PROTEIN, FETT, KALORIEN) VALUES (1022, 107, 'reis',              '',  200,      'g',      79,   0.4,     1.6,   77,     7,     0.6,     350     );
INSERT INTO ZUTAT (ZUTATNR, LIEFNR, BEZEICHNUNG, BESCHREIBUNG, GEWICHT, EINHEIT, BESTAND, NETTOPREIS, CO2, KOHLENHYDRATE, PROTEIN, FETT, KALORIEN) VALUES (1023, 107, 'Sojasoße',          '',  100,      'g',      108,  1.0,     1.5,   6,      9,     0.1,     60      );
INSERT INTO ZUTAT (ZUTATNR, LIEFNR, BEZEICHNUNG, BESCHREIBUNG, GEWICHT, EINHEIT, BESTAND, NETTOPREIS, CO2, KOHLENHYDRATE, PROTEIN, FETT, KALORIEN) VALUES (1040, 102, 'Kartoffeln',        '',  200,      'g',      200,  1.3,     0.2,   17,     2,     0.1,     77      );
INSERT INTO ZUTAT (ZUTATNR, LIEFNR, BEZEICHNUNG, BESCHREIBUNG, GEWICHT, EINHEIT, BESTAND, NETTOPREIS, CO2, KOHLENHYDRATE, PROTEIN, FETT, KALORIEN) VALUES (1041, 102, 'Paprika',           '',  200,      'g',      40,   0.60,    0.1,   6,      1,     0.3,     30      );
INSERT INTO ZUTAT (ZUTATNR, LIEFNR, BEZEICHNUNG, BESCHREIBUNG, GEWICHT, EINHEIT, BESTAND, NETTOPREIS, CO2, KOHLENHYDRATE, PROTEIN, FETT, KALORIEN) VALUES (1042, 107, 'Quinoa',            '',  200,      'g',      68,   1.20,    1.6,   64,     14,    6.0,     370      );
INSERT INTO ZUTAT (ZUTATNR, LIEFNR, BEZEICHNUNG, BESCHREIBUNG, GEWICHT, EINHEIT, BESTAND, NETTOPREIS, CO2, KOHLENHYDRATE, PROTEIN, FETT, KALORIEN) VALUES (1043, 107, 'mango',             '',  200,      'g',      50,   0.90,    1.3,   14,     0.8,   0.4,     60       );
INSERT INTO ZUTAT (ZUTATNR, LIEFNR, BEZEICHNUNG, BESCHREIBUNG, GEWICHT, EINHEIT, BESTAND, NETTOPREIS, CO2, KOHLENHYDRATE, PROTEIN, FETT, KALORIEN) VALUES (1044, 107, 'avocado',           '',  200,      'g',      35,   2.00,    2.5,   2,      2,     15,      160      );
INSERT INTO ZUTAT (ZUTATNR, LIEFNR, BEZEICHNUNG, BESCHREIBUNG, GEWICHT, EINHEIT, BESTAND, NETTOPREIS, CO2, KOHLENHYDRATE, PROTEIN, FETT, KALORIEN) VALUES (1045, 107, 'rosinen',           '',  200,      'g',      75,   1.00,    0.8,   74,     3.1,   0.5,     300      );
INSERT INTO ZUTAT (ZUTATNR, LIEFNR, BEZEICHNUNG, BESCHREIBUNG, GEWICHT, EINHEIT, BESTAND, NETTOPREIS, CO2, KOHLENHYDRATE, PROTEIN, FETT, KALORIEN) VALUES (1046, 107, 'rote linsen',       '',  200,      'g',      125,  0.90,    0.8,   49,     24,    1.6,     340      );
INSERT INTO ZUTAT (ZUTATNR, LIEFNR, BEZEICHNUNG, BESCHREIBUNG, GEWICHT, EINHEIT, BESTAND, NETTOPREIS, CO2, KOHLENHYDRATE, PROTEIN, FETT, KALORIEN) VALUES (1047, 107, 'kokosmilch',        '',  200,      'g',      97,   1.00,    2.0,   2.5,    1.7,   20,      190      );
INSERT INTO ZUTAT (ZUTATNR, LIEFNR, BEZEICHNUNG, BESCHREIBUNG, GEWICHT, EINHEIT, BESTAND, NETTOPREIS, CO2, KOHLENHYDRATE, PROTEIN, FETT, KALORIEN) VALUES (1048, 107, 'ingwer',            '',  100,      'g',      49,   0.70,    1.8,   18,     1.8,   0.8,     80      );
INSERT INTO ZUTAT (ZUTATNR, LIEFNR, BEZEICHNUNG, BESCHREIBUNG, GEWICHT, EINHEIT, BESTAND, NETTOPREIS, CO2, KOHLENHYDRATE, PROTEIN, FETT, KALORIEN) VALUES (1049, 107, 'currypaste',        '',  30,       'g',      234,  1.20,    1.5,   15,     2,     9,       160      );
INSERT INTO ZUTAT (ZUTATNR, LIEFNR, BEZEICHNUNG, BESCHREIBUNG, GEWICHT, EINHEIT, BESTAND, NETTOPREIS, CO2, KOHLENHYDRATE, PROTEIN, FETT, KALORIEN) VALUES (1050, 103, 'tofu',              '',  200,       'g',     28,   2.20,    0.9,   2.0,    13,    9,       140      );
INSERT INTO ZUTAT (ZUTATNR, LIEFNR, BEZEICHNUNG, BESCHREIBUNG, GEWICHT, EINHEIT, BESTAND, NETTOPREIS, CO2, KOHLENHYDRATE, PROTEIN, FETT, KALORIEN) VALUES (1051, 102, 'brokoli',           '',  200,       'g',     35,   0.60,    0.4,   2.7,    3,     0.4,     30      );
INSERT INTO ZUTAT (ZUTATNR, LIEFNR, BEZEICHNUNG, BESCHREIBUNG, GEWICHT, EINHEIT, BESTAND, NETTOPREIS, CO2, KOHLENHYDRATE, PROTEIN, FETT, KALORIEN) VALUES (1052, 107, 'erdnussbutter',     '',  200,       'g',     154,  1.80,    1.5,   20,     25,    50,      550      );
INSERT INTO ZUTAT (ZUTATNR, LIEFNR, BEZEICHNUNG, BESCHREIBUNG, GEWICHT, EINHEIT, BESTAND, NETTOPREIS, CO2, KOHLENHYDRATE, PROTEIN, FETT, KALORIEN) VALUES (1053, 107, 'pesto',             '',  200,       'g',     89,   2.0,     2.0,   6,      4,     45,      400      );
INSERT INTO ZUTAT (ZUTATNR, LIEFNR, BEZEICHNUNG, BESCHREIBUNG, GEWICHT, EINHEIT, BESTAND, NETTOPREIS, CO2, KOHLENHYDRATE, PROTEIN, FETT, KALORIEN) VALUES (1054, 107, 'ananas',            '',  200,       'g',     46,   1.2,     1.4,   13,     0.5,   0.2,     50       );
INSERT INTO ZUTAT (ZUTATNR, LIEFNR, BEZEICHNUNG, BESCHREIBUNG, GEWICHT, EINHEIT, BESTAND, NETTOPREIS, CO2, KOHLENHYDRATE, PROTEIN, FETT, KALORIEN) VALUES (1055, 102, 'gurke',             '',  200,       'g',     89,   0.6,     0.2,   2,      0.7,   0.1,     13      );
INSERT INTO ZUTAT (ZUTATNR, LIEFNR, BEZEICHNUNG, BESCHREIBUNG, GEWICHT, EINHEIT, BESTAND, NETTOPREIS, CO2, KOHLENHYDRATE, PROTEIN, FETT, KALORIEN) VALUES (1056, 102, 'limette',           '',  100,       'g',     24,   0.5,     1.4,   8.3,    0.7,   0.2,     30      );
INSERT INTO ZUTAT (ZUTATNR, LIEFNR, BEZEICHNUNG, BESCHREIBUNG, GEWICHT, EINHEIT, BESTAND, NETTOPREIS, CO2, KOHLENHYDRATE, PROTEIN, FETT, KALORIEN) VALUES (1057, 105, 'pasta',             '',  200,       'g',     60,   1.5,     1.4,   15,     3,     1,       80      );





INSERT INTO REZEPT_ZUTAT (REZEPTNR, ZUTATNR, MENGE, EINHEIT) VALUES (1, 1015, 75,       'g'); -- lasagne platten
INSERT INTO REZEPT_ZUTAT (REZEPTNR, ZUTATNR, MENGE, EINHEIT) VALUES (1, 1013, 200,      'g'); -- spinat
INSERT INTO REZEPT_ZUTAT (REZEPTNR, ZUTATNR, MENGE, EINHEIT) VALUES (1, 1014, 125,      'g'); -- lachs
INSERT INTO REZEPT_ZUTAT (REZEPTNR, ZUTATNR, MENGE, EINHEIT) VALUES (1, 1020, 37.5,     'g'); -- käse
INSERT INTO REZEPT_ZUTAT (REZEPTNR, ZUTATNR, MENGE, EINHEIT) VALUES (1, 3003, 12.5,     'g'); -- butter
INSERT INTO REZEPT_ZUTAT (REZEPTNR, ZUTATNR, MENGE, EINHEIT) VALUES (1, 1016, 15,       'g'); -- mehl
INSERT INTO REZEPT_ZUTAT (REZEPTNR, ZUTATNR, MENGE, EINHEIT) VALUES (1, 3001, 62.5,     'ml'); -- milch
INSERT INTO REZEPT_ZUTAT (REZEPTNR, ZUTATNR, MENGE, EINHEIT) VALUES (1, 7043, 31.25,    'ml'); -- brühe
INSERT INTO REZEPT_ZUTAT (REZEPTNR, ZUTATNR, MENGE, EINHEIT) VALUES (1, 1017, 50,       'ml'); -- sahne
INSERT INTO REZEPT_ZUTAT (REZEPTNR, ZUTATNR, MENGE, EINHEIT) VALUES (1, 1018, 18.75,    'g'); -- parmesan
INSERT INTO REZEPT_ZUTAT (REZEPTNR, ZUTATNR, MENGE, EINHEIT) VALUES (1, 1019, 100,      'g'); -- zitrone

INSERT INTO REZEPT_ZUTAT (REZEPTNR, ZUTATNR, MENGE, EINHEIT) VALUES (2, 1040, 250,      'g'); -- kartoffel
INSERT INTO REZEPT_ZUTAT (REZEPTNR, ZUTATNR, MENGE, EINHEIT) VALUES (2, 1001, 75,       'g'); -- zuccini
INSERT INTO REZEPT_ZUTAT (REZEPTNR, ZUTATNR, MENGE, EINHEIT) VALUES (2, 1041, 75,       'g'); -- paprika
INSERT INTO REZEPT_ZUTAT (REZEPTNR, ZUTATNR, MENGE, EINHEIT) VALUES (2, 1002, 50,       'g'); -- zwiebel

INSERT INTO REZEPT_ZUTAT (REZEPTNR, ZUTATNR, MENGE, EINHEIT) VALUES (3, 1042, 200,      'g'); -- quinoa
INSERT INTO REZEPT_ZUTAT (REZEPTNR, ZUTATNR, MENGE, EINHEIT) VALUES (3, 1043, 150,      'g'); -- mango
INSERT INTO REZEPT_ZUTAT (REZEPTNR, ZUTATNR, MENGE, EINHEIT) VALUES (3, 2001, 150,      'g'); -- apfel
INSERT INTO REZEPT_ZUTAT (REZEPTNR, ZUTATNR, MENGE, EINHEIT) VALUES (3, 1044, 140,      'g'); -- avocado
INSERT INTO REZEPT_ZUTAT (REZEPTNR, ZUTATNR, MENGE, EINHEIT) VALUES (3, 1045, 50,       'g'); -- rosinen

INSERT INTO REZEPT_ZUTAT (REZEPTNR, ZUTATNR, MENGE, EINHEIT) VALUES (4, 1046, 200,       'g'); -- rote linsen
INSERT INTO REZEPT_ZUTAT (REZEPTNR, ZUTATNR, MENGE, EINHEIT) VALUES (4, 1047, 150,       'g'); -- kokosmilch
INSERT INTO REZEPT_ZUTAT (REZEPTNR, ZUTATNR, MENGE, EINHEIT) VALUES (4, 1002, 150,       'g'); -- zwiebel
INSERT INTO REZEPT_ZUTAT (REZEPTNR, ZUTATNR, MENGE, EINHEIT) VALUES (4, 1048, 20,        'g'); -- ingwer
INSERT INTO REZEPT_ZUTAT (REZEPTNR, ZUTATNR, MENGE, EINHEIT) VALUES (4, 1049, 20,        'g'); -- currypaste

INSERT INTO REZEPT_ZUTAT (REZEPTNR, ZUTATNR, MENGE, EINHEIT) VALUES (5, 1050, 200,        'g'); -- tofu
INSERT INTO REZEPT_ZUTAT (REZEPTNR, ZUTATNR, MENGE, EINHEIT) VALUES (5, 1051, 150,        'g'); -- brokoli
INSERT INTO REZEPT_ZUTAT (REZEPTNR, ZUTATNR, MENGE, EINHEIT) VALUES (5, 1041, 75,         'g'); -- paprika
INSERT INTO REZEPT_ZUTAT (REZEPTNR, ZUTATNR, MENGE, EINHEIT) VALUES (5, 1005, 75,         'g'); -- karotte
INSERT INTO REZEPT_ZUTAT (REZEPTNR, ZUTATNR, MENGE, EINHEIT) VALUES (5, 1002, 150,        'g'); -- zwiebel
INSERT INTO REZEPT_ZUTAT (REZEPTNR, ZUTATNR, MENGE, EINHEIT) VALUES (5, 1052, 40,         'g'); -- erdnussbutter

INSERT INTO REZEPT_ZUTAT (REZEPTNR, ZUTATNR, MENGE, EINHEIT) VALUES (6, 1001, 200,        'g'); -- zuccini
INSERT INTO REZEPT_ZUTAT (REZEPTNR, ZUTATNR, MENGE, EINHEIT) VALUES (6, 1003, 100,        'g'); -- tomate
INSERT INTO REZEPT_ZUTAT (REZEPTNR, ZUTATNR, MENGE, EINHEIT) VALUES (6, 1053, 40,         'g'); -- pesto
INSERT INTO REZEPT_ZUTAT (REZEPTNR, ZUTATNR, MENGE, EINHEIT) VALUES (6, 1018, 40,         'g'); -- parmesan

INSERT INTO REZEPT_ZUTAT (REZEPTNR, ZUTATNR, MENGE, EINHEIT) VALUES (7, 1054, 200,        'g'); -- ananas
INSERT INTO REZEPT_ZUTAT (REZEPTNR, ZUTATNR, MENGE, EINHEIT) VALUES (7, 1055, 150,        'g'); -- gurke
INSERT INTO REZEPT_ZUTAT (REZEPTNR, ZUTATNR, MENGE, EINHEIT) VALUES (7, 1056, 40,         'g'); -- limette

INSERT INTO REZEPT_ZUTAT (REZEPTNR, ZUTATNR, MENGE, EINHEIT) VALUES (8, 6300, 200,        'g'); -- kichererbsen
INSERT INTO REZEPT_ZUTAT (REZEPTNR, ZUTATNR, MENGE, EINHEIT) VALUES (8, 1044, 140,        'g'); -- avocado
INSERT INTO REZEPT_ZUTAT (REZEPTNR, ZUTATNR, MENGE, EINHEIT) VALUES (8, 1003, 100,        'g'); -- tomate
INSERT INTO REZEPT_ZUTAT (REZEPTNR, ZUTATNR, MENGE, EINHEIT) VALUES (8, 1019, 40,         'g'); -- zitrone

INSERT INTO REZEPT_ZUTAT (REZEPTNR, ZUTATNR, MENGE, EINHEIT) VALUES (9, 1057, 250,        'g'); -- pasta
INSERT INTO REZEPT_ZUTAT (REZEPTNR, ZUTATNR, MENGE, EINHEIT) VALUES (9, 1003, 100,        'g'); -- tomate
INSERT INTO REZEPT_ZUTAT (REZEPTNR, ZUTATNR, MENGE, EINHEIT) VALUES (9, 3002, 150,        'g'); -- mozzarella
INSERT INTO REZEPT_ZUTAT (REZEPTNR, ZUTATNR, MENGE, EINHEIT) VALUES (9, 1009, 40,         'g'); -- knoblauch

INSERT INTO REZEPT_ZUTAT (REZEPTNR, ZUTATNR, MENGE, EINHEIT) VALUES (10, 1021, 200,         'g'); -- hähnchenbrustfilet
INSERT INTO REZEPT_ZUTAT (REZEPTNR, ZUTATNR, MENGE, EINHEIT) VALUES (10, 1042, 100,         'g'); -- quinoa
INSERT INTO REZEPT_ZUTAT (REZEPTNR, ZUTATNR, MENGE, EINHEIT) VALUES (10, 1051, 150,         'g'); -- brokoli




INSERT INTO ALERGEN (ALERGENNR, BEZEICHNUNG, BESCHREIBUNG) VALUES (1,  'Laktose', 'Keine Milch ertragen');
INSERT INTO ALERGEN (ALERGENNR, BEZEICHNUNG, BESCHREIBUNG) VALUES (2,  'Gluten', 'Ein Protein in Weizen, Gerste, Roggen etc.');
INSERT INTO ALERGEN (ALERGENNR, BEZEICHNUNG, BESCHREIBUNG) VALUES (3,  'Krebstiere', 'Garnelen, Krabben, Hummer etc.');
INSERT INTO ALERGEN (ALERGENNR, BEZEICHNUNG, BESCHREIBUNG) VALUES (4,  'Fisch', 'Alle Arten von Speisefisch');
INSERT INTO ALERGEN (ALERGENNR, BEZEICHNUNG, BESCHREIBUNG) VALUES (5,  'Erdnüsse', 'Eine häufige und oft schwere Allergie');
INSERT INTO ALERGEN (ALERGENNR, BEZEICHNUNG, BESCHREIBUNG) VALUES (6,  'Soja', 'Kann in vielen verarbeiteten Lebensmitteln vorkommen');
INSERT INTO ALERGEN (ALERGENNR, BEZEICHNUNG, BESCHREIBUNG) VALUES (7,  'Schalenfrüchte', 'Mandeln, Haselnüsse, Walnüsse etc.');
INSERT INTO ALERGEN (ALERGENNR, BEZEICHNUNG, BESCHREIBUNG) VALUES (8,  'Sellerie', 'Kann als Gemüse oder Gewürz enthalten sein');
INSERT INTO ALERGEN (ALERGENNR, BEZEICHNUNG, BESCHREIBUNG) VALUES (9,  'Senf', 'Kommt in Saucen, Dressings etc. vor');
INSERT INTO ALERGEN (ALERGENNR, BEZEICHNUNG, BESCHREIBUNG) VALUES (10, 'Sesamsamen', 'Wird in Backwaren, Ölen etc. verwendet');
INSERT INTO ALERGEN (ALERGENNR, BEZEICHNUNG, BESCHREIBUNG) VALUES (11, 'Schwefeldioxid und Sulphite', 'Oft als Konservierungsmittel eingesetzt');
INSERT INTO ALERGEN (ALERGENNR, BEZEICHNUNG, BESCHREIBUNG) VALUES (12, 'Lupinen', 'Eine Hülsenfrucht, die in einigen Mehlen verwendet wird');
INSERT INTO ALERGEN (ALERGENNR, BEZEICHNUNG, BESCHREIBUNG) VALUES (13, 'Weichtiere', 'Muscheln, Schnecken, Tintenfische etc.');
INSERT INTO ALERGEN (ALERGENNR, BEZEICHNUNG, BESCHREIBUNG) VALUES (14, 'Ei', 'Allergie gegen Ei.');
INSERT INTO ALERGEN (ALERGENNR, BEZEICHNUNG, BESCHREIBUNG) VALUES (15, 'Tomate', 'Allergie gegen Tomate.');
INSERT INTO ALERGEN (ALERGENNR, BEZEICHNUNG, BESCHREIBUNG) VALUES (16, 'Milcheiweiß', 'Allergie gegen Milcheiweiß.');
INSERT INTO ALERGEN (ALERGENNR, BEZEICHNUNG, BESCHREIBUNG) VALUES (17, 'Fleisch', 'Allergie gegen Fleisch.');


-- Laktose
INSERT INTO ZUTAT_ALERGEN (ZUTATNR, ALERGENNR) VALUES (3001, 1); -- Vollmilch
INSERT INTO ZUTAT_ALERGEN (ZUTATNR, ALERGENNR) VALUES (3002, 1); -- Mozzarella
INSERT INTO ZUTAT_ALERGEN (ZUTATNR, ALERGENNR) VALUES (3003, 1); -- Butter
INSERT INTO ZUTAT_ALERGEN (ZUTATNR, ALERGENNR) VALUES (1017, 1); -- Sahne
INSERT INTO ZUTAT_ALERGEN (ZUTATNR, ALERGENNR) VALUES (1018, 1); -- Parmesan
INSERT INTO ZUTAT_ALERGEN (ZUTATNR, ALERGENNR) VALUES (1020, 1); -- käse

-- Gluten
INSERT INTO ZUTAT_ALERGEN (ZUTATNR, ALERGENNR) VALUES (6408, 2); -- Couscous
INSERT INTO ZUTAT_ALERGEN (ZUTATNR, ALERGENNR) VALUES (1015, 2); -- Lasagne Nudeln
INSERT INTO ZUTAT_ALERGEN (ZUTATNR, ALERGENNR) VALUES (1016, 2); -- Mehl
INSERT INTO ZUTAT_ALERGEN (ZUTATNR, ALERGENNR) VALUES (1057, 2); -- pasta

-- Fisch
INSERT INTO ZUTAT_ALERGEN (ZUTATNR, ALERGENNR) VALUES (1014, 4); -- Lachs

-- Soja
INSERT INTO ZUTAT_ALERGEN (ZUTATNR, ALERGENNR) VALUES (9001, 6); -- Tofu-Würstchen
INSERT INTO ZUTAT_ALERGEN (ZUTATNR, ALERGENNR) VALUES (1049, 6); -- currypaste

-- Schalenfrüchte
INSERT INTO ZUTAT_ALERGEN (ZUTATNR, ALERGENNR) VALUES (1053, 7); -- pesto

-- Sellerie
INSERT INTO ZUTAT_ALERGEN (ZUTATNR, ALERGENNR) VALUES (7043, 8); -- Gemüsebrühe (mit Vorbehalt prüfen!)
INSERT INTO ZUTAT_ALERGEN (ZUTATNR, ALERGENNR) VALUES (1049, 8); -- currypaste

-- Senf
INSERT INTO ZUTAT_ALERGEN (ZUTATNR, ALERGENNR) VALUES (1049, 9); -- currypaste

-- Ei
INSERT INTO ZUTAT_ALERGEN (ZUTATNR, ALERGENNR) VALUES (4001, 14); -- Ei

-- Tomate
INSERT INTO ZUTAT_ALERGEN (ZUTATNR, ALERGENNR) VALUES (1003, 15); -- Tomate

-- Milcheiweiß
INSERT INTO ZUTAT_ALERGEN (ZUTATNR, ALERGENNR) VALUES (3001, 16); -- Vollmilch
INSERT INTO ZUTAT_ALERGEN (ZUTATNR, ALERGENNR) VALUES (3002, 16); -- Mozzarella
INSERT INTO ZUTAT_ALERGEN (ZUTATNR, ALERGENNR) VALUES (3003, 16); -- Butter
INSERT INTO ZUTAT_ALERGEN (ZUTATNR, ALERGENNR) VALUES (1020, 16); -- käse
INSERT INTO ZUTAT_ALERGEN (ZUTATNR, ALERGENNR) VALUES (1053, 16); -- pesto

-- Fleisch
INSERT INTO ZUTAT_ALERGEN (ZUTATNR, ALERGENNR) VALUES (5001, 17); -- Wiener Würstchen
INSERT INTO ZUTAT_ALERGEN (ZUTATNR, ALERGENNR) VALUES (1014, 17); -- lachs


INSERT INTO ERNAEHRUNGSKATEGORIE (ERNAEHRUNGSKATNR, BEZEICHNUNG, BESCHREIBUNG, TYP, PRIORITAET) VALUES (1, 'frutarisch', 'Essen was geerntet werden kann, ohne die Pflanzen zu beschädigen.', 'ernährungsart', 4);
INSERT INTO ERNAEHRUNGSKATEGORIE (ERNAEHRUNGSKATNR, BEZEICHNUNG, BESCHREIBUNG, TYP, PRIORITAET) VALUES (2, 'vegan', 'Ohne Tierische Produkte', 'ernährungsart', 3);
INSERT INTO ERNAEHRUNGSKATEGORIE (ERNAEHRUNGSKATNR, BEZEICHNUNG, BESCHREIBUNG, TYP, PRIORITAET) VALUES (3, 'vegetarisch', 'Ohne Fleisch Produkte', 'ernährungsart', 2);
INSERT INTO ERNAEHRUNGSKATEGORIE (ERNAEHRUNGSKATNR, BEZEICHNUNG, BESCHREIBUNG, TYP, PRIORITAET) VALUES (4, 'fleisch essend', 'Alle produkte', 'ernährungsart', 1);
INSERT INTO ERNAEHRUNGSKATEGORIE (ERNAEHRUNGSKATNR, BEZEICHNUNG, BESCHREIBUNG, TYP, PRIORITAET) VALUES (5, 'high protein', 'Essen mit viel protein.', 'protein', 1);
INSERT INTO ERNAEHRUNGSKATEGORIE (ERNAEHRUNGSKATNR, BEZEICHNUNG, BESCHREIBUNG, TYP, PRIORITAET) VALUES (6, 'low protein', 'Essen mit wenig protein', 'protein', 2);
INSERT INTO ERNAEHRUNGSKATEGORIE (ERNAEHRUNGSKATNR, BEZEICHNUNG, BESCHREIBUNG, TYP, PRIORITAET) VALUES (7, 'low carb', 'Essen mit wenig Kohlenhydraten.', 'kohlenhydrate', 2);
INSERT INTO ERNAEHRUNGSKATEGORIE (ERNAEHRUNGSKATNR, BEZEICHNUNG, BESCHREIBUNG, TYP, PRIORITAET) VALUES (8, 'high carb', 'Essen mit viel Kohlenhydraten.', 'kohlenhydrate', 1);
-- nur fisch und kein fleich


-- Frutarisch (ERNAEHRUNGSKATNR = 1)
INSERT INTO ZUTAT_ERNAEHRUNGSKATEGORIE (ZUTATNR, ERNAEHRUNGSKATNR) VALUES (2001, 1); -- Apfel
INSERT INTO ZUTAT_ERNAEHRUNGSKATEGORIE (ZUTATNR, ERNAEHRUNGSKATNR) VALUES (1003, 1); -- Tomate
INSERT INTO ZUTAT_ERNAEHRUNGSKATEGORIE (ZUTATNR, ERNAEHRUNGSKATNR) VALUES (1001, 1); -- Zucchini
INSERT INTO ZUTAT_ERNAEHRUNGSKATEGORIE (ZUTATNR, ERNAEHRUNGSKATNR) VALUES (1019, 1); -- Zitrone
INSERT INTO ZUTAT_ERNAEHRUNGSKATEGORIE (ZUTATNR, ERNAEHRUNGSKATNR) VALUES (1042, 1); -- quinoa
INSERT INTO ZUTAT_ERNAEHRUNGSKATEGORIE (ZUTATNR, ERNAEHRUNGSKATNR) VALUES (1043, 1); -- mango
INSERT INTO ZUTAT_ERNAEHRUNGSKATEGORIE (ZUTATNR, ERNAEHRUNGSKATNR) VALUES (1044, 1); -- avocado
INSERT INTO ZUTAT_ERNAEHRUNGSKATEGORIE (ZUTATNR, ERNAEHRUNGSKATNR) VALUES (1045, 1); -- rosinen
INSERT INTO ZUTAT_ERNAEHRUNGSKATEGORIE (ZUTATNR, ERNAEHRUNGSKATNR) VALUES (1054, 1); -- ananas
INSERT INTO ZUTAT_ERNAEHRUNGSKATEGORIE (ZUTATNR, ERNAEHRUNGSKATNR) VALUES (1055, 1); -- gurke
INSERT INTO ZUTAT_ERNAEHRUNGSKATEGORIE (ZUTATNR, ERNAEHRUNGSKATNR) VALUES (1056, 1); -- limette
-- Potential depends on harvesting method Karotte(1005), Süßkartoffel(1011)

-- Vegan (ERNAEHRUNGSKATNR = 2)
INSERT INTO ZUTAT_ERNAEHRUNGSKATEGORIE (ZUTATNR, ERNAEHRUNGSKATNR) VALUES (1002, 2); -- Zwiebel
INSERT INTO ZUTAT_ERNAEHRUNGSKATEGORIE (ZUTATNR, ERNAEHRUNGSKATNR) VALUES (1004, 2); -- Schalotte
INSERT INTO ZUTAT_ERNAEHRUNGSKATEGORIE (ZUTATNR, ERNAEHRUNGSKATNR) VALUES (1005, 2); -- Karotte
INSERT INTO ZUTAT_ERNAEHRUNGSKATEGORIE (ZUTATNR, ERNAEHRUNGSKATNR) VALUES (1006, 2); -- Kartoffel
INSERT INTO ZUTAT_ERNAEHRUNGSKATEGORIE (ZUTATNR, ERNAEHRUNGSKATNR) VALUES (1007, 2); -- Rucola
INSERT INTO ZUTAT_ERNAEHRUNGSKATEGORIE (ZUTATNR, ERNAEHRUNGSKATNR) VALUES (1008, 2); -- Lauch
INSERT INTO ZUTAT_ERNAEHRUNGSKATEGORIE (ZUTATNR, ERNAEHRUNGSKATNR) VALUES (1009, 2); -- Knoblauch
INSERT INTO ZUTAT_ERNAEHRUNGSKATEGORIE (ZUTATNR, ERNAEHRUNGSKATNR) VALUES (1010, 2); -- Basilikum
INSERT INTO ZUTAT_ERNAEHRUNGSKATEGORIE (ZUTATNR, ERNAEHRUNGSKATNR) VALUES (1011, 2); -- Süßkartoffel
INSERT INTO ZUTAT_ERNAEHRUNGSKATEGORIE (ZUTATNR, ERNAEHRUNGSKATNR) VALUES (1012, 2); -- Schnittlauch
INSERT INTO ZUTAT_ERNAEHRUNGSKATEGORIE (ZUTATNR, ERNAEHRUNGSKATNR) VALUES (6408, 2); -- Couscous
INSERT INTO ZUTAT_ERNAEHRUNGSKATEGORIE (ZUTATNR, ERNAEHRUNGSKATNR) VALUES (7043, 2); -- Gemüsebrühe (assuming vegan)
INSERT INTO ZUTAT_ERNAEHRUNGSKATEGORIE (ZUTATNR, ERNAEHRUNGSKATNR) VALUES (6300, 2); -- Kichererbsen
INSERT INTO ZUTAT_ERNAEHRUNGSKATEGORIE (ZUTATNR, ERNAEHRUNGSKATNR) VALUES (9001, 2); -- Tofu-Würstchen (assuming vegan)
INSERT INTO ZUTAT_ERNAEHRUNGSKATEGORIE (ZUTATNR, ERNAEHRUNGSKATNR) VALUES (1013, 2); -- Spinat
INSERT INTO ZUTAT_ERNAEHRUNGSKATEGORIE (ZUTATNR, ERNAEHRUNGSKATNR) VALUES (1015, 2); -- Lasagne Nudeln
INSERT INTO ZUTAT_ERNAEHRUNGSKATEGORIE (ZUTATNR, ERNAEHRUNGSKATNR) VALUES (1016, 2); -- Mehl
INSERT INTO ZUTAT_ERNAEHRUNGSKATEGORIE (ZUTATNR, ERNAEHRUNGSKATNR) VALUES (1040, 2); -- Kartoffel
INSERT INTO ZUTAT_ERNAEHRUNGSKATEGORIE (ZUTATNR, ERNAEHRUNGSKATNR) VALUES (1041, 2); -- paprika
INSERT INTO ZUTAT_ERNAEHRUNGSKATEGORIE (ZUTATNR, ERNAEHRUNGSKATNR) VALUES (1050, 2); -- tofu
INSERT INTO ZUTAT_ERNAEHRUNGSKATEGORIE (ZUTATNR, ERNAEHRUNGSKATNR) VALUES (1051, 2); -- brokoli
INSERT INTO ZUTAT_ERNAEHRUNGSKATEGORIE (ZUTATNR, ERNAEHRUNGSKATNR) VALUES (1052, 2); -- erdnussbutter
INSERT INTO ZUTAT_ERNAEHRUNGSKATEGORIE (ZUTATNR, ERNAEHRUNGSKATNR) VALUES (1046, 2); -- rote linsen
INSERT INTO ZUTAT_ERNAEHRUNGSKATEGORIE (ZUTATNR, ERNAEHRUNGSKATNR) VALUES (1047, 2); -- kokosmilch
INSERT INTO ZUTAT_ERNAEHRUNGSKATEGORIE (ZUTATNR, ERNAEHRUNGSKATNR) VALUES (1048, 2); -- ingwer
INSERT INTO ZUTAT_ERNAEHRUNGSKATEGORIE (ZUTATNR, ERNAEHRUNGSKATNR) VALUES (1049, 2); -- currypaste
INSERT INTO ZUTAT_ERNAEHRUNGSKATEGORIE (ZUTATNR, ERNAEHRUNGSKATNR) VALUES (1053, 2); -- pesto
INSERT INTO ZUTAT_ERNAEHRUNGSKATEGORIE (ZUTATNR, ERNAEHRUNGSKATNR) VALUES (1057, 2); -- pasta

-- Vegetarisch (ERNAEHRUNGSKATNR = 3) - Includes all vegan options
INSERT INTO ZUTAT_ERNAEHRUNGSKATEGORIE (ZUTATNR, ERNAEHRUNGSKATNR) VALUES (3001, 3); -- Vollmilch. 3.5%
INSERT INTO ZUTAT_ERNAEHRUNGSKATEGORIE (ZUTATNR, ERNAEHRUNGSKATNR) VALUES (3002, 3); -- Mozzarella
INSERT INTO ZUTAT_ERNAEHRUNGSKATEGORIE (ZUTATNR, ERNAEHRUNGSKATNR) VALUES (3003, 3); -- Butter
INSERT INTO ZUTAT_ERNAEHRUNGSKATEGORIE (ZUTATNR, ERNAEHRUNGSKATNR) VALUES (4001, 3); -- Ei
INSERT INTO ZUTAT_ERNAEHRUNGSKATEGORIE (ZUTATNR, ERNAEHRUNGSKATNR) VALUES (1017, 3); -- Sahen
INSERT INTO ZUTAT_ERNAEHRUNGSKATEGORIE (ZUTATNR, ERNAEHRUNGSKATNR) VALUES (1018, 3); -- Parmesan
INSERT INTO ZUTAT_ERNAEHRUNGSKATEGORIE (ZUTATNR, ERNAEHRUNGSKATNR) VALUES (1020, 3); -- käse

-- Fleisch essend (ERNAEHRUNGSKATNR = 4)
INSERT INTO ZUTAT_ERNAEHRUNGSKATEGORIE (ZUTATNR, ERNAEHRUNGSKATNR) VALUES (5001, 4); -- Wiener Würstchen
INSERT INTO ZUTAT_ERNAEHRUNGSKATEGORIE (ZUTATNR, ERNAEHRUNGSKATNR) VALUES (1014, 4); -- Lachs

-- High Protein (ERNAEHRUNGSKATNR = 5) - Based on a subjective assessment
INSERT INTO ZUTAT_ERNAEHRUNGSKATEGORIE (ZUTATNR, ERNAEHRUNGSKATNR) VALUES (3002, 5); -- Mozzarella
INSERT INTO ZUTAT_ERNAEHRUNGSKATEGORIE (ZUTATNR, ERNAEHRUNGSKATNR) VALUES (9001, 5); -- Tofu-Würstchen
INSERT INTO ZUTAT_ERNAEHRUNGSKATEGORIE (ZUTATNR, ERNAEHRUNGSKATNR) VALUES (6300, 5); -- Kichererbsen
INSERT INTO ZUTAT_ERNAEHRUNGSKATEGORIE (ZUTATNR, ERNAEHRUNGSKATNR) VALUES (5001, 5); -- Wiener Würstchen
INSERT INTO ZUTAT_ERNAEHRUNGSKATEGORIE (ZUTATNR, ERNAEHRUNGSKATNR) VALUES (1018, 5); -- Parmesan
INSERT INTO ZUTAT_ERNAEHRUNGSKATEGORIE (ZUTATNR, ERNAEHRUNGSKATNR) VALUES (1050, 5); -- tofu
INSERT INTO ZUTAT_ERNAEHRUNGSKATEGORIE (ZUTATNR, ERNAEHRUNGSKATNR) VALUES (1052, 5); -- erdnussbutter


-- Low Protein (ERNAEHRUNGSKATNR = 6) - Based on a subjective assessment
INSERT INTO ZUTAT_ERNAEHRUNGSKATEGORIE (ZUTATNR, ERNAEHRUNGSKATNR) VALUES (1001, 6); -- Zucchini
INSERT INTO ZUTAT_ERNAEHRUNGSKATEGORIE (ZUTATNR, ERNAEHRUNGSKATNR) VALUES (1002, 6); -- Zwiebel
INSERT INTO ZUTAT_ERNAEHRUNGSKATEGORIE (ZUTATNR, ERNAEHRUNGSKATNR) VALUES (1003, 6); -- Tomate
INSERT INTO ZUTAT_ERNAEHRUNGSKATEGORIE (ZUTATNR, ERNAEHRUNGSKATNR) VALUES (1004, 6); -- Schalotte
INSERT INTO ZUTAT_ERNAEHRUNGSKATEGORIE (ZUTATNR, ERNAEHRUNGSKATNR) VALUES (1005, 6); -- Karotte
INSERT INTO ZUTAT_ERNAEHRUNGSKATEGORIE (ZUTATNR, ERNAEHRUNGSKATNR) VALUES (1013, 6); -- Spinat
INSERT INTO ZUTAT_ERNAEHRUNGSKATEGORIE (ZUTATNR, ERNAEHRUNGSKATNR) VALUES (1014, 6); -- Lachs
INSERT INTO ZUTAT_ERNAEHRUNGSKATEGORIE (ZUTATNR, ERNAEHRUNGSKATNR) VALUES (1017, 6); -- Sahne
INSERT INTO ZUTAT_ERNAEHRUNGSKATEGORIE (ZUTATNR, ERNAEHRUNGSKATNR) VALUES (1019, 6); -- Zitrone
INSERT INTO ZUTAT_ERNAEHRUNGSKATEGORIE (ZUTATNR, ERNAEHRUNGSKATNR) VALUES (1040, 6); -- kartoffel
INSERT INTO ZUTAT_ERNAEHRUNGSKATEGORIE (ZUTATNR, ERNAEHRUNGSKATNR) VALUES (1041, 6); -- paprika
INSERT INTO ZUTAT_ERNAEHRUNGSKATEGORIE (ZUTATNR, ERNAEHRUNGSKATNR) VALUES (1043, 6); -- mango
INSERT INTO ZUTAT_ERNAEHRUNGSKATEGORIE (ZUTATNR, ERNAEHRUNGSKATNR) VALUES (1045, 6); -- rosinen
INSERT INTO ZUTAT_ERNAEHRUNGSKATEGORIE (ZUTATNR, ERNAEHRUNGSKATNR) VALUES (2001, 6); -- apfel
INSERT INTO ZUTAT_ERNAEHRUNGSKATEGORIE (ZUTATNR, ERNAEHRUNGSKATNR) VALUES (1046, 6); -- rote linsen
INSERT INTO ZUTAT_ERNAEHRUNGSKATEGORIE (ZUTATNR, ERNAEHRUNGSKATNR) VALUES (1047, 6); -- kokosmilch
INSERT INTO ZUTAT_ERNAEHRUNGSKATEGORIE (ZUTATNR, ERNAEHRUNGSKATNR) VALUES (1048, 6); -- ingwer
INSERT INTO ZUTAT_ERNAEHRUNGSKATEGORIE (ZUTATNR, ERNAEHRUNGSKATNR) VALUES (1049, 6); -- currypaste
INSERT INTO ZUTAT_ERNAEHRUNGSKATEGORIE (ZUTATNR, ERNAEHRUNGSKATNR) VALUES (1051, 6); -- brokoli
INSERT INTO ZUTAT_ERNAEHRUNGSKATEGORIE (ZUTATNR, ERNAEHRUNGSKATNR) VALUES (1053, 6); -- pesto
INSERT INTO ZUTAT_ERNAEHRUNGSKATEGORIE (ZUTATNR, ERNAEHRUNGSKATNR) VALUES (1054, 6); -- ananas
INSERT INTO ZUTAT_ERNAEHRUNGSKATEGORIE (ZUTATNR, ERNAEHRUNGSKATNR) VALUES (1055, 6); -- gurke
INSERT INTO ZUTAT_ERNAEHRUNGSKATEGORIE (ZUTATNR, ERNAEHRUNGSKATNR) VALUES (1056, 6); -- limette


-- Low Carb (ERNAEHRUNGSKATNR = 7) - Based on a subjective assessment
INSERT INTO ZUTAT_ERNAEHRUNGSKATEGORIE (ZUTATNR, ERNAEHRUNGSKATNR) VALUES (1001, 7); -- Zucchini
INSERT INTO ZUTAT_ERNAEHRUNGSKATEGORIE (ZUTATNR, ERNAEHRUNGSKATNR) VALUES (1002, 7); -- Zwiebel
INSERT INTO ZUTAT_ERNAEHRUNGSKATEGORIE (ZUTATNR, ERNAEHRUNGSKATNR) VALUES (1003, 7); -- Tomate
INSERT INTO ZUTAT_ERNAEHRUNGSKATEGORIE (ZUTATNR, ERNAEHRUNGSKATNR) VALUES (1004, 7); -- Schalotte
INSERT INTO ZUTAT_ERNAEHRUNGSKATEGORIE (ZUTATNR, ERNAEHRUNGSKATNR) VALUES (1007, 7); -- Rucola
INSERT INTO ZUTAT_ERNAEHRUNGSKATEGORIE (ZUTATNR, ERNAEHRUNGSKATNR) VALUES (1008, 7); -- Lauch
INSERT INTO ZUTAT_ERNAEHRUNGSKATEGORIE (ZUTATNR, ERNAEHRUNGSKATNR) VALUES (3003, 7); -- Butter
INSERT INTO ZUTAT_ERNAEHRUNGSKATEGORIE (ZUTATNR, ERNAEHRUNGSKATNR) VALUES (1013, 7); -- Spinat
INSERT INTO ZUTAT_ERNAEHRUNGSKATEGORIE (ZUTATNR, ERNAEHRUNGSKATNR) VALUES (1017, 7); -- Sahne
INSERT INTO ZUTAT_ERNAEHRUNGSKATEGORIE (ZUTATNR, ERNAEHRUNGSKATNR) VALUES (1018, 7); -- Parmesan
INSERT INTO ZUTAT_ERNAEHRUNGSKATEGORIE (ZUTATNR, ERNAEHRUNGSKATNR) VALUES (1019, 7); -- Zitrone
INSERT INTO ZUTAT_ERNAEHRUNGSKATEGORIE (ZUTATNR, ERNAEHRUNGSKATNR) VALUES (1044, 7); -- avocado
INSERT INTO ZUTAT_ERNAEHRUNGSKATEGORIE (ZUTATNR, ERNAEHRUNGSKATNR) VALUES (1046, 7); -- rote linsen
INSERT INTO ZUTAT_ERNAEHRUNGSKATEGORIE (ZUTATNR, ERNAEHRUNGSKATNR) VALUES (1047, 7); -- kokosmilch
INSERT INTO ZUTAT_ERNAEHRUNGSKATEGORIE (ZUTATNR, ERNAEHRUNGSKATNR) VALUES (1048, 7); -- ingwer
INSERT INTO ZUTAT_ERNAEHRUNGSKATEGORIE (ZUTATNR, ERNAEHRUNGSKATNR) VALUES (1049, 7); -- currypaste
INSERT INTO ZUTAT_ERNAEHRUNGSKATEGORIE (ZUTATNR, ERNAEHRUNGSKATNR) VALUES (1050, 7); -- tofu
INSERT INTO ZUTAT_ERNAEHRUNGSKATEGORIE (ZUTATNR, ERNAEHRUNGSKATNR) VALUES (1051, 7); -- brokoli
INSERT INTO ZUTAT_ERNAEHRUNGSKATEGORIE (ZUTATNR, ERNAEHRUNGSKATNR) VALUES (1052, 7); -- erdnussbutter
INSERT INTO ZUTAT_ERNAEHRUNGSKATEGORIE (ZUTATNR, ERNAEHRUNGSKATNR) VALUES (1053, 7); -- pesto
INSERT INTO ZUTAT_ERNAEHRUNGSKATEGORIE (ZUTATNR, ERNAEHRUNGSKATNR) VALUES (1055, 7); -- gurke
INSERT INTO ZUTAT_ERNAEHRUNGSKATEGORIE (ZUTATNR, ERNAEHRUNGSKATNR) VALUES (1056, 7); -- limette



-- High Carb (ERNAEHRUNGSKATNR = 8) - Based on a subjective assessment
INSERT INTO ZUTAT_ERNAEHRUNGSKATEGORIE (ZUTATNR, ERNAEHRUNGSKATNR) VALUES (1006, 8); -- Kartoffel
INSERT INTO ZUTAT_ERNAEHRUNGSKATEGORIE (ZUTATNR, ERNAEHRUNGSKATNR) VALUES (1009, 8); -- Knoblauch
INSERT INTO ZUTAT_ERNAEHRUNGSKATEGORIE (ZUTATNR, ERNAEHRUNGSKATNR) VALUES (1011, 8); -- Süßkartoffel
INSERT INTO ZUTAT_ERNAEHRUNGSKATEGORIE (ZUTATNR, ERNAEHRUNGSKATNR) VALUES (2001, 8); -- Apfel
INSERT INTO ZUTAT_ERNAEHRUNGSKATEGORIE (ZUTATNR, ERNAEHRUNGSKATNR) VALUES (6408, 8); -- Couscous
INSERT INTO ZUTAT_ERNAEHRUNGSKATEGORIE (ZUTATNR, ERNAEHRUNGSKATNR) VALUES (1015, 8); -- Lasagne Nudeln
INSERT INTO ZUTAT_ERNAEHRUNGSKATEGORIE (ZUTATNR, ERNAEHRUNGSKATNR) VALUES (1016, 8); -- Mehl
INSERT INTO ZUTAT_ERNAEHRUNGSKATEGORIE (ZUTATNR, ERNAEHRUNGSKATNR) VALUES (1040, 8); -- kartoffel
INSERT INTO ZUTAT_ERNAEHRUNGSKATEGORIE (ZUTATNR, ERNAEHRUNGSKATNR) VALUES (1041, 8); -- paprika
INSERT INTO ZUTAT_ERNAEHRUNGSKATEGORIE (ZUTATNR, ERNAEHRUNGSKATNR) VALUES (1042, 8); -- quinoa
INSERT INTO ZUTAT_ERNAEHRUNGSKATEGORIE (ZUTATNR, ERNAEHRUNGSKATNR) VALUES (1043, 8); -- mango
INSERT INTO ZUTAT_ERNAEHRUNGSKATEGORIE (ZUTATNR, ERNAEHRUNGSKATNR) VALUES (1045, 8); -- rosinen
INSERT INTO ZUTAT_ERNAEHRUNGSKATEGORIE (ZUTATNR, ERNAEHRUNGSKATNR) VALUES (1054, 8); -- ananas
INSERT INTO ZUTAT_ERNAEHRUNGSKATEGORIE (ZUTATNR, ERNAEHRUNGSKATNR) VALUES (1057, 8); -- pasta



